"SP";"YEAR";"AGE_first";"MIGRATION";"CIinf";"CIquart_inf";"med";"CIquart_sup";"CIsup";"HABITAT"
"ERIRUB";1991;"AD";"Court";14,6973333333333;15,5733333333333;15,5733333333333;17,4788732394366;19,9978873239437;"Terrestre"
"PARCAE";1991;"AD";"Court";11,2578125;11,2578125;11,2578125;11,2578125;11,2578125;"Terrestre"
"PARMAJ";1991;"AD";"Court";15,996317512275;16,3461538461538;16,9014084507042;17,0212765957447;17,4213057417662;"Terrestre"
"PHYCOL";1991;"AD";"Court";6,82644628099174;7,00625;7,62339791356185;7,86666666666667;8,36317733990148;"Terrestre"
"PRUMOD";1991;"AD";"Court";17,7955428337763;18,1046820691065;18,3066693330667;18,6496350364963;19,3394160583942;"Terrestre"
"SYLATR";1991;"AD";"Court";14,2782051282051;15;15,8926174496644;16,6760563380282;17,532;"Terrestre"
"TURMER";1991;"AD";"Court";77,1011764705882;80,3137254901961;84,6769230769231;88,6929133858268;96,2187636363636;"Terrestre"
"PARMAJ";1992;"AD";"Court";17,4657534246575;17,4657534246575;17,4657534246575;17,4657534246575;17,4657534246575;"Terrestre"
"PHYCOL";1992;"AD";"Court";6,77049180327869;6,77049180327869;6,77049180327869;6,77049180327869;6,77049180327869;"Terrestre"
"PRUMOD";1992;"AD";"Court";17,7464788732394;17,7464788732394;17,7464788732394;17,7464788732394;17,7464788732394;"Terrestre"
"SYLATR";1992;"AD";"Court";15,8555411255411;16,4465800865801;16,8866666666667;18,31;18,7466666666667;"Terrestre"
"TURMER";1992;"AD";"Court";76,2261208576998;79,5945419103314;82,2672064777328;84,409518539015;86,3459878251245;"Terrestre"
"ERIRUB";1993;"AD";"Court";14,5122629107981;15,5733333333333;15,7837837837838;15,7837837837838;19,3351351351351;"Terrestre"
"PARCAE";1993;"AD";"Court";10,6348056722689;10,987762605042;11,3799369747899;11,7721113445378;12,1250682773109;"Terrestre"
"PARMAJ";1993;"AD";"Court";16,8107876712329;17,1210346070656;17,4657534246575;17,7328767123288;17,9732876712329;"Terrestre"
"PHYCOL";1993;"AD";"Court";6,06612903225806;6,66129032258065;6,71544715447155;6,71544715447155;6,79846779237023;"Terrestre"
"PRUMOD";1993;"AD";"Court";15,5884194053208;16,1512128325509;18,2608695652174;19,6603148301574;21,7374890254609;"Terrestre"
"SYLATR";1993;"AD";"Court";14,8270715200293;16,4444444444444;17,4722222222222;18,2597402597403;23,2578947368421;"Terrestre"
"TURMER";1993;"AD";"Court";84,0159679774977;85,6509131156613;86,0079051383399;94,0154877334548;98,748347107438;"Terrestre"
"ERIRUB";1994;"AD";"Court";15,3684210526316;15,3684210526316;15,3684210526316;15,3684210526316;15,3684210526316;"Terrestre"
"PARCAE";1994;"AD";"Court";11,6209677419355;11,6209677419355;11,6209677419355;11,6209677419355;11,6209677419355;"Terrestre"
"PARMAJ";1994;"AD";"Court";16,5584415584416;16,5584415584416;16,5584415584416;16,5584415584416;16,5584415584416;"Terrestre"
"PHYCOL";1994;"AD";"Court";8,20869565217391;8,20869565217391;8,52934782608696;8,85;8,85;"Terrestre"
"PRUMOD";1994;"AD";"Court";19,292270531401;19,4444444444444;19,5588235294118;20,5882352941176;20,8247809762203;"Terrestre"
"SYLATR";1994;"AD";"Court";15,8195555555556;16,1155555555556;16,4444444444444;17,5955555555556;18,6315555555556;"Terrestre"
"TURMER";1994;"AD";"Court";80,7020735785953;83,0358974358974;88,6929133858268;92,0790513833992;101,910303030303;"Terrestre"
"ERIRUB";1995;"AD";"Court";15,3664149184149;15,7837837837838;16;17,52;20,7696303696304;"Terrestre"
"PARMAJ";1995;"AD";"Court";19,0140845070423;19,0140845070423;19,0140845070423;19,0140845070423;19,0140845070423;"Terrestre"
"PHYCOL";1995;"AD";"Court";6,69678080380751;7,0750442086649;7,83523901363824;8,05128205128205;9,11051948051948;"Terrestre"
"PRUMOD";1995;"AD";"Court";16,1151079136691;16,1151079136691;18,4096666328909;20,7308717167872;20,8028169014085;"Terrestre"
"SYLATR";1995;"AD";"Court";15,8830909090909;16,6644155844156;17,1164383561644;17,5847368421053;17,958;"Terrestre"
"TURMER";1995;"AD";"Court";81,7609550561798;84,75;90,5142857142857;92,3136960600375;94,9415384615385;"Terrestre"
"ERIRUB";1996;"AD";"Court";13,5520833333333;15,3415531836584;16,3356643356643;17,5231152204836;19,5465250965251;"Terrestre"
"PARCAE";1996;"AD";"Court";10,1107634902411;10,4153272101033;10,7537313432836;10,9911513859275;11,204829424307;"Terrestre"
"PARMAJ";1996;"AD";"Court";17,5324675324675;17,5324675324675;17,5324675324675;19,7662337662338;21,7766233766234;"Terrestre"
"PHYCOL";1996;"AD";"Court";6,68313061872025;6,77049180327869;7,64814814814815;7,73770491803279;8,05788581119276;"Terrestre"
"PRUMOD";1996;"AD";"Court";18,5909722222222;19,1792929292929;20,1449275362319;20,3849637681159;22,7156862745098;"Terrestre"
"SYLATR";1996;"AD";"Court";15,5789473684211;16,3310344827586;17,5263157894737;18,5;19,1603318541385;"Terrestre"
"TURMER";1996;"AD";"Court";85,4183266932271;86,8709677419355;91,4285714285714;93,7769230769231;97,6753712237583;"Terrestre"
"PRUMOD";1997;"AD";"Court";17,6773648648649;18,9189189189189;18,9189189189189;19,6177894312223;19,8631000403388;"Terrestre"
"SYLATR";1997;"AD";"Court";16;16;16;16;16;"Terrestre"
"TURMER";1997;"AD";"Court";77,5757575757576;84,4491978609626;88,4329411764706;95,04;97,3770491803279;"Terrestre"
"ERIRUB";1998;"AD";"Court";15,7837837837838;15,7837837837838;15,7837837837838;15,7837837837838;15,7837837837838;"Terrestre"
"PARMAJ";1998;"AD";"Court";16,2162162162162;16,2162162162162;16,3873288873289;16,5584415584416;16,5584415584416;"Terrestre"
"PHYCOL";1998;"AD";"Court";6,71544715447155;6,71544715447155;6,77049180327869;7,64814814814815;7,82296296296296;"Terrestre"
"PRUMOD";1998;"AD";"Court";15,8666666666667;16,5277777777778;17,9047619047619;19,9137323943662;21,9586956521739;"Terrestre"
"SYLATR";1998;"AD";"Court";14,9873417721519;15;16,0544217687075;17,1156462585034;17,2328767123288;"Terrestre"
"TURMER";1998;"AD";"Court";79,5151515151515;83,8787878787879;90,5975501508965;99,4198473282443;105,96641221374;"Terrestre"
"ERIRUB";1999;"AD";"Court";14,8274958632101;15,9366197183099;16,6020066889632;18,7432432432432;19,4030597771023;"Terrestre"
"PARCAE";1999;"AD";"Court";10,5955882352941;10,5955882352941;10,5955882352941;10,5955882352941;10,5955882352941;"Terrestre"
"PARMAJ";1999;"AD";"Court";15,5806451612903;16,4516129032258;17;17,0886075949367;17,6463607594937;"Terrestre"
"PHYCOL";1999;"AD";"Court";6,26548672566372;6,26548672566372;6,88333333333333;7,96031746031746;8,60819672131148;"Terrestre"
"PRUMOD";1999;"AD";"Court";16,3013698630137;17,1013739492;18,3665458937198;19,136690647482;20,2223109286294;"Terrestre"
"SYLATR";1999;"AD";"Court";14,9503875270368;16,6348466364587;17,1361751982696;18,5;22,8458333333333;"Terrestre"
"TURMER";1999;"AD";"Court";79,9636300052457;86,1363636363636;88,6153846153846;95,4706708173106;105,729508196721;"Terrestre"
"ERIRUB";2000;"AD";"Court";14,7889072847682;15,8695652173913;16,5529673029673;17;18,5070422535211;"Terrestre"
"PARCAE";2000;"AD";"Court";9,92424242424243;9,92424242424243;9,92424242424243;9,92424242424243;9,92424242424243;"Terrestre"
"PARMAJ";2000;"AD";"Court";16,0837662337662;16,7792207792208;17,0886075949367;17,8815789473684;19,4763157894737;"Terrestre"
"PHYCOL";2000;"AD";"Court";6,60915256248023;6,84821428571429;7,34452479338843;8,04861111111111;8,96132075471698;"Terrestre"
"PRUMOD";2000;"AD";"Court";17,325;18,4722222222222;19;19,4021739130435;20,9746376811594;"Terrestre"
"SYLATR";2000;"AD";"Court";15,1901311981478;16,5255847953216;17,2328767123288;18,2465753424658;21,0035714285714;"Terrestre"
"TURMER";2000;"AD";"Court";75,7620512820513;85,501312335958;89,3023255813954;92,3889430894309;97,3223140495868;"Terrestre"
"ERIRUB";2001;"AD";"Court";14,6538926174497;16;16,5466666666667;17,52;20,6669219066937;"Terrestre"
"PARCAE";2001;"AD";"Court";10,3846416170635;11,4670868347339;11,5588235294118;11,6882133450395;11,8085231736057;"Terrestre"
"PARMAJ";2001;"AD";"Court";15,1898734177215;16,3265306122449;17,042004048583;18,1232876712329;20,5288461538462;"Terrestre"
"PHYCOL";2001;"AD";"Court";6,54932302456348;7,27358747447243;7,77780536246276;8,53052995391705;9,83333333333333;"Terrestre"
"PRUMOD";2001;"AD";"Court";15,3732876712329;18,4722222222222;19,2017171522284;19,8880597014925;21,304347826087;"Terrestre"
"SYLATR";2001;"AD";"Court";14,700782811459;16,6760563380282;17,2328767123288;18,4506666666667;20,6993006993007;"Terrestre"
"TURMER";2001;"AD";"Court";76,4189312977099;83,3939393939394;87,2727272727273;91,6810297272449;105,639014478029;"Terrestre"
"ERIRUB";2002;"AD";"Court";14,8986486486486;15,7837837837838;16,6857142857143;17,538961038961;22,9695813771518;"Terrestre"
"PARCAE";2002;"AD";"Court";9,18991004962779;9,97087158808933;10,2649253731343;10,5267857142857;11,5534931113662;"Terrestre"
"PARMAJ";2002;"AD";"Court";16,1389794967381;16,8654336734694;17,335441218741;17,8672082228117;20,6969572368421;"Terrestre"
"PHYCOL";2002;"AD";"Court";6,57653333333333;7,24561403508772;7,61290322580645;7,9372197309417;9,69285714285714;"Terrestre"
"PRUMOD";2002;"AD";"Court";17;18,2394366197183;19,2253521126761;20,2898550724638;21,5223880597015;"Terrestre"
"SYLATR";2002;"AD";"Court";15,5789473684211;16,5;17,2497716894977;18,2516438356164;21,9715682569674;"Terrestre"
"TURMER";2002;"AD";"Court";78,9172932330827;83,5946275946276;86,1826031746032;90,4436701509872;105,071355311355;"Terrestre"
"ERIRUB";2003;"AD";"Court";14,0677083333333;15,5183333333333;16,0884415584416;17,1770833333333;22,3201388888889;"Terrestre"
"PARCAE";2003;"AD";"Court";9,86291840430202;10,5483897058824;10,742;10,7903401080827;11,0540186150861;"Terrestre"
"PARMAJ";2003;"AD";"Court";15,4242664551943;16,5865384615385;17,0886075949367;18,2432432432432;20,2984234234234;"Terrestre"
"PHYCOL";2003;"AD";"Court";6,32142857142857;7,33911951348493;7,552;7,89971988795518;9,7787037037037;"Terrestre"
"PRUMOD";2003;"AD";"Court";17,1815531039358;18,3072586706754;19;20;21,9308716965047;"Terrestre"
"SYLATR";2003;"AD";"Court";15;16,5035971223022;17,5263157894737;18,5;21,2637750377699;"Terrestre"
"TURMER";2003;"AD";"Court";75,8518518518518;83,6327543424318;87,157391001469;90,9489622105861;102,468965517241;"Terrestre"
"ERIRUB";2004;"AD";"Court";14,7085135135135;15,7152777777778;16,4370860927152;17,2062908496732;21,4275709219858;"Terrestre"
"PARCAE";2004;"AD";"Court";9,32936043123543;10,3246783088235;10,7555153066783;11,4402714932127;12,7347115384615;"Terrestre"
"PARMAJ";2004;"AD";"Court";14,9707792207792;16,8269230769231;17,34375;18,0194805194805;20,3676896352056;"Terrestre"
"PHYCOL";2004;"AD";"Court";6,63331290322581;7,15466634091861;7,50909090909091;7,9384917212832;9,49363636363637;"Terrestre"
"PRUMOD";2004;"AD";"Court";16,7605469157708;18,0645161290323;18,8848920863309;19,5588235294118;23,6616589081676;"Terrestre"
"SYLATR";2004;"AD";"Court";14,6994410958904;16,2191780821918;17;17,8791946308725;21,7681643835616;"Terrestre"
"TURMER";2004;"AD";"Court";77,3892682926829;84,030534351145;87,1884057971015;91,5692307692308;103,613046153846;"Terrestre"
"ERIRUB";2005;"AD";"Court";14,85;16;16,79;17,4882608695652;23,1465517241379;"Terrestre"
"PARCAE";2005;"AD";"Court";9,69633928571428;10,4428113553114;10,7572228144989;11,324295644685;13,1562890625;"Terrestre"
"PARMAJ";2005;"AD";"Court";15,3271728271728;16,6666666666667;17,5;18,5667752442997;20,7456140350877;"Terrestre"
"PHYCOL";2005;"AD";"Court";6,91651785714286;7,21318386509533;7,5;7,96664521664522;9,00398206278027;"Terrestre"
"PRUMOD";2005;"AD";"Court";16,1294117647059;18;18,7978510744628;19,8706985903814;22,6424382233344;"Terrestre"
"SYLATR";2005;"AD";"Court";15,3558008658009;16,265;17,1264214046823;18,1827522675737;21,1573464912281;"Terrestre"
"TURMER";2005;"AD";"Court";79,111954459203;84,0076335877863;87,8969957081545;93,4265734265734;103,424;"Terrestre"
"ERIRUB";2006;"AD";"Court";12,9696666666667;15,6138888888889;16,1950037285608;16,8843537414966;21,9846920289855;"Terrestre"
"PARCAE";2006;"AD";"Court";10,3131851604278;10,8502389695168;11,0846153846154;11,2151079136691;11,8199712121212;"Terrestre"
"PARMAJ";2006;"AD";"Court";16,0649671052632;17,1157323688969;17,5925925925926;18,625;21,1824324324324;"Terrestre"
"PHYCOL";2006;"AD";"Court";6,51458333333333;7,2843237704918;7,56099706744868;8,04142765555406;9,46458333333333;"Terrestre"
"PRUMOD";2006;"AD";"Court";16,9482327181733;18,2242427165734;19;19,8559324267341;21,7789473684211;"Terrestre"
"SYLATR";2006;"AD";"Court";14,8993288590604;16,4444444444444;17,2328767123288;18;21,4904109589041;"Terrestre"
"TURMER";2006;"AD";"Court";77,3803787503936;83,3015873015873;86,6771653543307;91,0671936758893;105,453659800492;"Terrestre"
"ERIRUB";2007;"AD";"Court";14,661006401138;15,6790674603175;16,4370860927152;17;22,2730496453901;"Terrestre"
"PARCAE";2007;"AD";"Court";9,90912346117424;10,5463014460512;10,9603333333333;11,2578125;11,862889596137;"Terrestre"
"PARMAJ";2007;"AD";"Court";15,3472668810289;16,5584415584416;17,2297297297297;18,3116883116883;19,8176601258793;"Terrestre"
"PHYCOL";2007;"AD";"Court";6,46179467084639;7,19512195121951;7,61290322580645;8,232926480063;9,93537735849057;"Terrestre"
"PRUMOD";2007;"AD";"Court";16,4200561009818;18,2258408099845;19,1780821917808;20;21,9402985074627;"Terrestre"
"SYLATR";2007;"AD";"Court";15,2384246575342;16,5526315789474;17,5263157894737;18,7483561643836;21,3167293233083;"Terrestre"
"TURMER";2007;"AD";"Court";77,746365914787;83,6628869138829;88,3809523809524;93,4089068825911;103,433493245106;"Terrestre"
"ERIRUB";2008;"AD";"Court";14,6557638888889;15,6428571428571;16,4507042253521;17,1476510067114;20,6376369327073;"Terrestre"
"PARCAE";2008;"AD";"Court";9,59011877828054;10,5807692307692;11,0386029411765;11,4306006493506;12,5574498746867;"Terrestre"
"PARMAJ";2008;"AD";"Court";15,5844155844156;16,952007154213;17,610658124636;18,2565789473684;19,9105960264901;"Terrestre"
"PHYCOL";2008;"AD";"Court";6,62068270300334;7,25967843631778;7,64456587735276;8,04545454545454;9,97061190929548;"Terrestre"
"PRUMOD";2008;"AD";"Court";16,2769994090417;18,1323335697639;19,0220588235294;19,7183098591549;21,8115942028986;"Terrestre"
"SYLATR";2008;"AD";"Court";14,7763829787234;16,28;17,2987012987013;18,5;20,5795815295815;"Terrestre"
"TURMER";2008;"AD";"Court";76,6444859813084;84,3967201426025;88,0124031007752;91,8591479931052;102,121454651672;"Terrestre"
"ERIRUB";2009;"AD";"Court";14,3873037439614;15,7269793993547;16,4507042253521;17,0333333333333;19,0847083514257;"Terrestre"
"PARCAE";2009;"AD";"Court";9,8066697761194;10,124237631099;10,9510198135198;11,4835707720588;12,8305249054224;"Terrestre"
"PARMAJ";2009;"AD";"Court";15,210020242915;16,6666666666667;17,4295774647887;18,1967213114754;19,8523706896552;"Terrestre"
"PHYCOL";2009;"AD";"Court";6,68832478005865;7,26153846153846;7,61290322580645;7,90074873453318;9,49233069407008;"Terrestre"
"PRUMOD";2009;"AD";"Court";17,5627240143369;18,445520344288;19,2028880866426;20;21,3493083003953;"Terrestre"
"SYLATR";2009;"AD";"Court";14,8;16,3892617449664;17,1971830985915;18,2465753424658;21,1463505747126;"Terrestre"
"TURMER";2009;"AD";"Court";77,7060848484848;85,2571428571429;88,482207697894;91,7017643710871;100,204615384615;"Terrestre"
"ERIRUB";2010;"AD";"Court";14,6979865771812;15,7450980392157;16,5;17,2361111111111;20,4195804195804;"Terrestre"
"PARCAE";2010;"AD";"Court";10,234375;10,5807692307692;10,9166666666667;11,3402985074627;12,4761904761905;"Terrestre"
"PARMAJ";2010;"AD";"Court";15,7196302816901;16,7763157894737;17,4425541316836;18,0379746835443;20,0182852250489;"Terrestre"
"PHYCOL";2010;"AD";"Court";6,68291788856305;7,27753303964758;7,64814814814815;8;9,52638777152051;"Terrestre"
"PRUMOD";2010;"AD";"Court";16,8816024401131;18,4343971631206;19,136690647482;20;24,0037313432836;"Terrestre"
"SYLATR";2010;"AD";"Court";15,1624511804139;16,4444444444444;17,2408987878191;18,2465753424658;20,9130434782609;"Terrestre"
"TURMER";2010;"AD";"Court";78,2842377260982;84,6647171010807;87,8404333907905;92,5923393478949;179,89694041868;"Terrestre"
"ERIRUB";2011;"AD";"Court";14,4723008888114;15,5831981981982;16,3617097188526;16,9735915492958;21,9600096711799;"Terrestre"
"PARCAE";2011;"AD";"Court";9,90541294642857;10,5454523405287;10,7020689236743;10,9166666666667;12,5415898617512;"Terrestre"
"PARMAJ";2011;"AD";"Court";15,4935855263158;16,5;17;17,4657534246575;18,7433978873239;"Terrestre"
"PHYCOL";2011;"AD";"Court";6,505625;7,11598020434227;7,48417721518987;7,92052106430155;9,4372224025974;"Terrestre"
"PRUMOD";2011;"AD";"Court";16,5513513513514;18;18,9583333333333;19,7510764715787;22,4756632820177;"Terrestre"
"SYLATR";2011;"AD";"Court";14,8;16,1066326530612;17,0394736842105;18,1224489795918;20,8047315436242;"Terrestre"
"TURMER";2011;"AD";"Court";76,5622792559454;83,6466501240695;87,741935483871;92,2519536766783;111,901030927835;"Terrestre"
"ERIRUB";2012;"AD";"Court";14,7952585585586;15,8246710526316;16,468889527642;17,60625;22,595;"Terrestre"
"PARCAE";2012;"AD";"Court";9,87698412698413;10,2649253731343;10,7418993340164;11,0790582579186;12,4625146520147;"Terrestre"
"PARMAJ";2012;"AD";"Court";15,388117677025;16,6246118012422;17,2974631751228;18,0094936708861;20,678490990991;"Terrestre"
"PHYCOL";2012;"AD";"Court";6,77437792740047;7,23505191550304;7,64814814814815;8,07602150537634;9,99376352813853;"Terrestre"
"PRUMOD";2012;"AD";"Court";16,9734848484848;18,0034965034965;19;19,7826086956522;23,6803853011645;"Terrestre"
"SYLATR";2012;"AD";"Court";14,9922545808622;16,3310344827586;17;18,2482876712329;21,0881773399015;"Terrestre"
"TURMER";2012;"AD";"Court";78,3227435342372;83,3939393939394;87,2220292436725;90,5804783451842;106,055957230143;"Terrestre"
"ERIRUB";2013;"AD";"Court";15,2138636363636;16,1677852348993;16,7291666666667;17,7430555555556;21,4507194244604;"Terrestre"
"PARCAE";2013;"AD";"Court";8,1875;10,3968253968254;10,7137546468401;11,0421455938697;11,79;"Terrestre"
"PARMAJ";2013;"AD";"Court";15,7420241528479;16,5;17,5324675324675;18,2432432432432;20,5145547945205;"Terrestre"
"PHYCOL";2013;"AD";"Court";6,21478390461997;7,22168458781362;7,59848484848485;8,01416666666667;9,44;"Terrestre"
"PRUMOD";2013;"AD";"Court";17,2602739726027;18,6620514521974;19,696175378015;20,6986235595391;23,4935266999616;"Terrestre"
"SYLATR";2013;"AD";"Court";15,0508474576271;16,4444444444444;17,2328767123288;18,1452054794521;22;"Terrestre"
"TURMER";2013;"AD";"Court";78,5622377622378;84,2056958840696;87,3840322198531;92,5269333333333;102;"Terrestre"
"ERIRUB";2014;"AD";"Court";14,6769727891156;15,6778523489933;16,5931972789116;17,505;20,8383425731695;"Terrestre"
"PARCAE";2014;"AD";"Court";9,61475409836066;10,5645161290323;10,8381294964029;11,0846153846154;12,543165374677;"Terrestre"
"PARMAJ";2014;"AD";"Court";16,122882728619;16,8506493506494;17,4017303994873;18,4271546803653;20,0772635135135;"Terrestre"
"PHYCOL";2014;"AD";"Court";6,82433081454918;7,27491071428572;7,64814814814815;7,86666666666667;9,73592767295598;"Terrestre"
"PRUMOD";2014;"AD";"Court";17,2830823928677;18,4338450292398;19,2753623188406;19,9540441176471;21,9007352941176;"Terrestre"
"SYLATR";2014;"AD";"Court";15,3565108892922;16,4514840182648;17,2666666666667;17,76;21,1884688175919;"Terrestre"
"TURMER";2014;"AD";"Court";78,015;83,694338207724;87,9547169811321;92,7667626079339;107,293055214724;"Terrestre"
"ERIRUB";2015;"AD";"Court";14,2203089569161;15,5733333333333;16,311724137931;17,2020833333333;20,3670440821256;"Terrestre"
"PARCAE";2015;"AD";"Court";9,64169776119403;10,4027326839827;10,7499125466418;11,3671957671958;12,36568359375;"Terrestre"
"PARMAJ";2015;"AD";"Court";15,8352739726027;17;17,5324675324675;18,1288205873552;19,109490882122;"Terrestre"
"PHYCOL";2015;"AD";"Court";6,84451754385965;7,34997123957435;7,64098360655738;7,97297297297297;9,55574162679426;"Terrestre"
"PRUMOD";2015;"AD";"Court";16,9186170212766;18,2608695652174;18,9583333333333;20,1079136690647;22,9603799185889;"Terrestre"
"SYLATR";2015;"AD";"Court";14,7691666666667;16,1813333333333;17;18,1771812080537;20,5226666666667;"Terrestre"
"TURMER";2015;"AD";"Court";74,2576271186441;83,2520325203252;87,741935483871;91,7853658536585;106,222272813508;"Terrestre"
"ERIRUB";2016;"AD";"Court";14,9857894736842;16;16,6577181208054;17,3375;20,8362857142857;"Terrestre"
"PARCAE";2016;"AD";"Court";9,47823529411765;10,45014571312;10,7537313432836;11,048104793757;11,8318235930736;"Terrestre"
"PARMAJ";2016;"AD";"Court";15,3861577181208;16,6426282051282;17,4039449352784;18,1802355026589;20,0069039241014;"Terrestre"
"PHYCOL";2016;"AD";"Court";6,77839891975309;7,25409836065574;7,53808859434949;7,99398148148148;9,39823008849558;"Terrestre"
"PRUMOD";2016;"AD";"Court";16,9939365671642;18,1240740740741;19,0281690140845;20,228843620148;22,7064676616915;"Terrestre"
"SYLATR";2016;"AD";"Court";15,0670088954781;16,3892617449664;17,2328767123288;18,025641025641;19,8864484317217;"Terrestre"
"TURMER";2016;"AD";"Court";77,7076085562744;83,6704106201601;87,984555984556;92,7754601226994;100,952521620834;"Terrestre"
"ERIRUB";2017;"AD";"Court";14,6;15,4027777777778;16,2788012832977;17,4947613197613;20,2049899396378;"Terrestre"
"PARCAE";2017;"AD";"Court";9,79112998002116;10,4136771180071;10,9166666666667;11,2674627791563;12,5870628720238;"Terrestre"
"PARMAJ";2017;"AD";"Court";15,2746822795042;16,6532690246517;17,2297297297297;17,7573185923388;18,9462721640675;"Terrestre"
"PHYCOL";2017;"AD";"Court";6,59099099099099;7,07512396694215;7,40585774058577;7,76574561403509;9,51061776061776;"Terrestre"
"PRUMOD";2017;"AD";"Court";17,0586956521739;18,5966206702337;19,3684210526316;20,0125769752635;22,150113918807;"Terrestre"
"SYLATR";2017;"AD";"Court";15,0921052631579;16,2119373776908;16,9474765258216;17,8549929078014;21,1928571428571;"Terrestre"
"TURMER";2017;"AD";"Court";77,7873357373131;83,6272859216255;87,7714285714286;91,6792793896872;103,912373392438;"Terrestre"
"ERIRUB";2018;"AD";"Court";14,5009723889556;15,5532905629139;16,1509216029569;16,9873979591837;21,7259131205674;"Terrestre"
"PARCAE";2018;"AD";"Court";9,71143780048077;10,4420289855072;10,7513090229079;11,124435483871;12,5113259928477;"Terrestre"
"PARMAJ";2018;"AD";"Court";15,4892463562033;16,5288461538462;17,3540248111184;18,2985466914038;20,4714947622885;"Terrestre"
"PHYCOL";2018;"AD";"Court";6,47192736371218;7,23837907375643;7,49206349206349;8,07221946375372;9,12691843629343;"Terrestre"
"PRUMOD";2018;"AD";"Court";17,124309957064;18,287776446236;19,007299270073;20,068115942029;21,1914900373105;"Terrestre"
"SYLATR";2018;"AD";"Court";14,895840385421;16,2886470754328;16,9583333333333;17,9515676249276;21,4546052631579;"Terrestre"
"TURMER";2018;"AD";"Court";78,1112940112793;85,2073490813648;88,4983189681521;92,3533856437082;106,868146941183;"Terrestre"
"ERIRUB";2019;"AD";"Court";14,6985658897152;15,5574701582687;16,493537414966;17,3453992802257;21,9153954604773;"Terrestre"
"PARCAE";2019;"AD";"Court";9,87462121212121;10,3699493927126;10,7630772005772;11,59658808933;12,9052275333454;"Terrestre"
"PARMAJ";2019;"AD";"Court";15,4822781385281;17,1950135154361;17,9347826086957;18,5202239911144;20,885761589404;"Terrestre"
"PHYCOL";2019;"AD";"Court";6,67650788741107;7,16428571428571;7,54426229508197;7,80322580645161;9,19194862155388;"Terrestre"
"PRUMOD";2019;"AD";"Court";17,1159090909091;18,3554376657825;19,211210571185;20,2948560930802;23,5431654676259;"Terrestre"
"SYLATR";2019;"AD";"Court";15,1327193932828;16,3310344827586;17,0693333333333;18,1352112676056;20,9392156862745;"Terrestre"
"TURMER";2019;"AD";"Court";78,0116831506727;83,9920032963511;86,2797415145241;91,6512465773166;102,020497874194;"Terrestre"
"ERIRUB";1991;"JUV";"Court";16,7671232876712;16,7671232876712;16,7671232876712;16,7671232876712;16,7671232876712;"Terrestre"
"PARCAE";1991;"JUV";"Court";10,6716417910448;10,6716417910448;10,6716417910448;10,6716417910448;10,6716417910448;"Terrestre"
"PARMAJ";1991;"JUV";"Court";14,7039473684211;14,7039473684211;14,7039473684211;14,7039473684211;14,7039473684211;"Terrestre"
"PRUMOD";1992;"JUV";"Court";16,6357142857143;16,6357142857143;16,6357142857143;16,6357142857143;16,6357142857143;"Terrestre"
"TURMER";1992;"JUV";"Court";92,4110383064516;93,5519153225806;94,8195564516129;96,0871975806452;97,2280745967742;"Terrestre"
"ERIRUB";1993;"JUV";"Court";17,28;17,28;17,28;17,28;17,28;"Terrestre"
"PRUMOD";1993;"JUV";"Court";18,8871376811594;19,1105072463768;19,3586956521739;19,606884057971;19,8302536231884;"Terrestre"
"SYLATR";1993;"JUV";"Court";18,7432432432432;18,7432432432432;18,7432432432432;18,7432432432432;18,7432432432432;"Terrestre"
"ERIRUB";1994;"JUV";"Court";18,4864864864865;18,4864864864865;18,4864864864865;18,4864864864865;18,4864864864865;"Terrestre"
"ERIRUB";1995;"JUV";"Court";15,6169014084507;16,0609059763989;17,2394366197183;18,2535211267606;18,2535211267606;"Terrestre"
"PHYCOL";1995;"JUV";"Court";6,825;6,825;6,825;6,825;6,825;"Terrestre"
"ERIRUB";1996;"JUV";"Court";16,5405405405405;16,5405405405405;16,5405405405405;16,5405405405405;16,5405405405405;"Terrestre"
"PARMAJ";1996;"JUV";"Court";16,3287671232877;16,3287671232877;16,3287671232877;16,3287671232877;16,3287671232877;"Terrestre"
"PHYCOL";1996;"JUV";"Court";6,71311475409836;6,71311475409836;6,71311475409836;6,71311475409836;6,71311475409836;"Terrestre"
"ERIRUB";1998;"JUV";"Court";14,2198103266596;14,7945205479452;16,3454177401546;17,3716216216216;19,2116868592731;"Terrestre"
"PARMAJ";1998;"JUV";"Court";16,5555555555556;16,5555555555556;16,7920634920635;17,0285714285714;17,1040781853282;"Terrestre"
"PHYCOL";1998;"JUV";"Court";7,24778761061947;7,24778761061947;7,24778761061947;7,24778761061947;7,24778761061947;"Terrestre"
"SYLATR";1998;"JUV";"Court";14,2937062937063;14,2937062937063;16,1468531468531;18,1233333333333;18,4563333333333;"Terrestre"
"TURMER";1998;"JUV";"Court";82,8585271317829;82,8585271317829;82,8585271317829;82,8585271317829;82,8585271317829;"Terrestre"
"ERIRUB";1999;"JUV";"Court";15,0810810810811;16,32;16,9594405594406;17,9383561643836;20,5360977051118;"Terrestre"
"PARCAE";1999;"JUV";"Court";10,5813953488372;10,5813953488372;10,5813953488372;10,5813953488372;10,5813953488372;"Terrestre"
"PARMAJ";1999;"JUV";"Court";15,0904978070175;16,6683751388375;17,232089966679;19,0681147696993;20,0166562889166;"Terrestre"
"PHYCOL";1999;"JUV";"Court";6,26785714285714;6,26785714285714;6,26785714285714;6,26785714285714;6,26785714285714;"Terrestre"
"SYLATR";1999;"JUV";"Court";16,5633243847875;16,771035931151;16,8843537414966;17,6317567567568;18,7401360544218;"Terrestre"
"ERIRUB";2000;"JUV";"Court";14,8793424657534;15,792676056338;16,32;16,6180963572268;17,3672049689441;"Terrestre"
"PARMAJ";2000;"JUV";"Court";15,1467207792208;15,7394366197183;16,4966204037491;16,9526793248945;18,1093967181467;"Terrestre"
"PHYCOL";2000;"JUV";"Court";6,30774350649351;6,76905737704918;6,9406779661017;7,3125;7,51236070381232;"Terrestre"
"PRUMOD";2000;"JUV";"Court";16,6816774891775;17,3622294372294;18,2383022774327;18,9706827924066;19,2632654623393;"Terrestre"
"SYLATR";2000;"JUV";"Court";16,2222222222222;17,0590277777778;17,7567567567568;18,25;19,1016666666667;"Terrestre"
"TURMER";2000;"JUV";"Court";74,1249483471074;77,1647727272727;81,1929133858268;84,504;89,4211317073171;"Terrestre"
"ERIRUB";2001;"JUV";"Court";13,4172972972973;15,0608108108108;15,9448275862069;16,5554054054054;18,3121931589537;"Terrestre"
"PARCAE";2001;"JUV";"Court";9,48710899315738;9,88636363636364;10,5;11,5409836065574;11,9651639344262;"Terrestre"
"PARMAJ";2001;"JUV";"Court";14,3744178082192;15,1940789473684;15,4805194805195;15,8933333333333;17,4714933436234;"Terrestre"
"PHYCOL";2001;"JUV";"Court";6,11645962732919;6,76859504132231;7,8;8,2875;9,18010175240249;"Terrestre"
"PRUMOD";2001;"JUV";"Court";16,4251086956522;17,595467032967;18,7014925373134;20,0230769230769;20,1253619909502;"Terrestre"
"SYLATR";2001;"JUV";"Court";14,8015674015336;16;16,95;17,5757638888889;18,7714285714286;"Terrestre"
"TURMER";2001;"JUV";"Court";73,521367353168;79,2271062271062;84,322326705245;86,827380952381;91,7749761814024;"Terrestre"
"ERIRUB";2002;"JUV";"Court";14,6755102040816;16;16,5;17,4422535211268;18,5002977963073;"Terrestre"
"PARCAE";2002;"JUV";"Court";9,70050369165311;10,3188283510125;10,6640625;11,1303945389332;11,6044435215947;"Terrestre"
"PARMAJ";2002;"JUV";"Court";15,112294359577;15,6567905778432;16,0461538461538;16,8352102102102;18,1283333333333;"Terrestre"
"PHYCOL";2002;"JUV";"Court";6,48169623059867;6,72030737704918;6,91363636363636;7,18421052631579;7,88134753901561;"Terrestre"
"PRUMOD";2002;"JUV";"Court";16,8798475249651;17,6721669430625;17,8485915492958;18,2076923076923;21,0246268656716;"Terrestre"
"SYLATR";2002;"JUV";"Court";15,1832441207441;16,4829753914989;16,8959247076023;17,6362456747405;18,8480902777778;"Terrestre"
"TURMER";2002;"JUV";"Court";80,1495287190467;82,5134382951654;84,8370175551827;88,724372955289;92,6999411764706;"Terrestre"
"ERIRUB";2003;"JUV";"Court";12,9119384902144;15,36;16,4015444015444;17,0117647058824;18,4024109589041;"Terrestre"
"PARCAE";2003;"JUV";"Court";8,86368844752615;9,69647610069868;9,96527777777778;10,818599379623;13,8878393954918;"Terrestre"
"PARMAJ";2003;"JUV";"Court";15,0866422428922;15,7365219092332;16,2274332810047;17,1024867080195;18,1216216216216;"Terrestre"
"PHYCOL";2003;"JUV";"Court";6,20628266550523;6,64302091713596;7,31407653611211;7,61910377358491;9,49385593220339;"Terrestre"
"PRUMOD";2003;"JUV";"Court";15,0717986456606;17,2597800925926;18,083237553687;18,5387580886678;19,5689466873706;"Terrestre"
"SYLATR";2003;"JUV";"Court";14,352735260771;16,0861476608187;17,0758070570571;17,4788732394366;18,9485714285714;"Terrestre"
"TURMER";2003;"JUV";"Court";77,108077014783;82,1830708661417;83,498;85,470703125;89,9164384846212;"Terrestre"
"ERIRUB";2004;"JUV";"Court";14,3668243243243;15,5168918918919;16,2218910734029;16,8827586206897;18,42953722334;"Terrestre"
"PARCAE";2004;"JUV";"Court";8,53253968253968;9,98991935483871;10,5073529411765;10,7722431077694;12,1222606942496;"Terrestre"
"PARMAJ";2004;"JUV";"Court";14,7697458543619;15,7394366197183;16,4194078947368;17,2682119205298;18,3688083043717;"Terrestre"
"PHYCOL";2004;"JUV";"Court";6,16479820627803;6,75548396133912;6,9406779661017;7,26711189602551;7,79632075471698;"Terrestre"
"PRUMOD";2004;"JUV";"Court";16,2169635459818;17;17,6;18,3699304230726;19,6403821119964;"Terrestre"
"SYLATR";2004;"JUV";"Court";15,2083333333333;16,3730531686359;17,0333333333333;17,7567567567568;19,2508727477477;"Terrestre"
"TURMER";2004;"JUV";"Court";75,2310323383085;83,9158464566929;86,8446533864542;89,8902541741204;95,0770460559476;"Terrestre"
"ERIRUB";2005;"JUV";"Court";14,3854054054054;15,5;16,2;17,007731092437;18,6179411764706;"Terrestre"
"PARCAE";2005;"JUV";"Court";8,57717391304348;9,82503607503608;10,15625;10,3622229760289;10,8333333333333;"Terrestre"
"PARMAJ";2005;"JUV";"Court";14,7039473684211;16,1743421052632;16,6644736842105;17,0828025477707;18,4556818181818;"Terrestre"
"PHYCOL";2005;"JUV";"Court";6,44649877149877;6,91363636363636;7,0353377030493;7,20748374204037;7,55130912162162;"Terrestre"
"PRUMOD";2005;"JUV";"Court";16,1040018371096;17,4547360248447;17,9113366988586;18,5169413919414;18,661858974359;"Terrestre"
"SYLATR";2005;"JUV";"Court";14,5135526315789;15,8602017510468;16,25;17,4948275862069;18,6424599445041;"Terrestre"
"TURMER";2005;"JUV";"Court";76,4173076923077;80,0955642857143;82,5204894973743;87,5422822580645;94,8801807284605;"Terrestre"
"ERIRUB";2006;"JUV";"Court";14,3336842105263;15,7808219178082;16,0225352112676;17,0197183098592;18,8773254143117;"Terrestre"
"PARCAE";2006;"JUV";"Court";8,6671511627907;9,69191104362405;10,3587438016529;10,6697469682836;11,5035912298387;"Terrestre"
"PARMAJ";2006;"JUV";"Court";14,3745850176314;15,3284482758621;16,11394524618;16,8587086092715;18,004611150886;"Terrestre"
"PHYCOL";2006;"JUV";"Court";6,14486423339227;6,26828527517564;7,02407730080786;7,16502705361535;7,5391875;"Terrestre"
"PRUMOD";2006;"JUV";"Court";16,615355042967;17,6439393939394;18,1323529411765;19,3586956521739;19,5714285714286;"Terrestre"
"SYLATR";2006;"JUV";"Court";15,5233630952381;16,2489035087719;16,7702702702703;17,8503496503496;18,73125;"Terrestre"
"TURMER";2006;"JUV";"Court";74,6030061983471;76,874704956727;79,7439024390244;83,6622981430893;90,3959678383548;"Terrestre"
"ERIRUB";2007;"JUV";"Court";14,8130680728667;15,7808219178082;16,5405405405405;17,5;19,2479148181012;"Terrestre"
"PARCAE";2007;"JUV";"Court";9,29122435591603;10,1111111111111;10,3811594202899;10,8333333333333;11,6795632493271;"Terrestre"
"PARMAJ";2007;"JUV";"Court";14,2876712328767;15,7596153846154;16,6114864864865;17,5;18,625;"Terrestre"
"PHYCOL";2007;"JUV";"Court";6,48289473684211;6,79017857142857;7,04166666666667;7,3125;8,29113805970149;"Terrestre"
"PRUMOD";2007;"JUV";"Court";14,6185292726508;17,3111413043478;18,1476158645276;18,9561700426439;20,4115349264706;"Terrestre"
"SYLATR";2007;"JUV";"Court";13,319298245614;16,2900071123755;17,2498123123123;18;19,506161971831;"Terrestre"
"TURMER";2007;"JUV";"Court";76,1048448564123;82,4485682730924;83,8333333333333;85,8538764662757;99,1734243697479;"Terrestre"
"ERIRUB";2008;"JUV";"Court";14,4151326338938;15,2112676056338;16;16,2739726027397;17,7691026827012;"Terrestre"
"PARCAE";2008;"JUV";"Court";9,81448412698413;10,3539479961832;10,5345528455285;10,6716417910448;11,5931818181818;"Terrestre"
"PARMAJ";2008;"JUV";"Court";14,6774177238463;15,8060810810811;16,1743421052632;17,0285714285714;18,4263333333333;"Terrestre"
"PHYCOL";2008;"JUV";"Court";6,27545454545455;6,9406779661017;7,19780897956957;7,58333333333333;7,99716540035067;"Terrestre"
"PRUMOD";2008;"JUV";"Court";15,6013939393939;17,8485915492958;18,3484639722392;18,9508272058824;21,6292585430616;"Terrestre"
"SYLATR";2008;"JUV";"Court";14,71;16,1152485445589;16,9774193548387;17,7321924603175;19,0211267605634;"Terrestre"
"TURMER";2008;"JUV";"Court";74,6704225461916;81,274958028083;84,1673783972568;89,202752495596;92,2166666666667;"Terrestre"
"ERIRUB";2009;"JUV";"Court";14,4;15,5675675675676;16,1085756348914;16,7323943661972;18,2345070422535;"Terrestre"
"PARCAE";2009;"JUV";"Court";9,22689111261873;10,1171875;10,5755347593583;11,0243902439024;11,7627458592133;"Terrestre"
"PARMAJ";2009;"JUV";"Court";14,9181076388889;15,7987290179433;16,4361006140765;17,1148648648649;18,6160702054795;"Terrestre"
"PHYCOL";2009;"JUV";"Court";6,30658329708569;6,71436564504633;7,04166666666667;7,3125;8,125;"Terrestre"
"PRUMOD";2009;"JUV";"Court";16,2970012334258;17,6142857142857;18,0763888888889;18,6360294117647;19,1553127589064;"Terrestre"
"SYLATR";2009;"JUV";"Court";14,8473163304149;15,8288007039893;16,5673758865248;17,6801944444444;19,1361388888889;"Terrestre"
"TURMER";2009;"JUV";"Court";76,5245231922413;81,4773916523024;84,9510622486449;87,4410868479793;91,3731075021872;"Terrestre"
"ERIRUB";2010;"JUV";"Court";14,3013698630137;15,336338028169;16;17,0185605183985;18,4808219178082;"Terrestre"
"PARCAE";2010;"JUV";"Court";8,94272388059701;10,2400011660448;10,6678521455224;11,1987591911765;450,732236842105;"Terrestre"
"PARMAJ";2010;"JUV";"Court";14,4817795997106;15,6842105263158;16,3693055555556;17,0035472972973;18,3981570512821;"Terrestre"
"PHYCOL";2010;"JUV";"Court";5,9837389380531;6,71311475409836;7,02;7,44545454545455;8,45140215716487;"Terrestre"
"PRUMOD";2010;"JUV";"Court";15,2655317164179;17,5601107226107;18,1451447245565;19,0234373008793;20,1329633999122;"Terrestre"
"SYLATR";2010;"JUV";"Court";14,6;15,730676431551;16,8461538461538;17,4558545301661;19,2248044096728;"Terrestre"
"TURMER";2010;"JUV";"Court";75,2694976076555;81,2551469646517;82,8162377450981;89,8785184624697;97,1390484515484;"Terrestre"
"ERIRUB";2011;"JUV";"Court";14,4208695652174;15,4630872483221;16,2739726027397;16,9174825174825;18,7170629370629;"Terrestre"
"PARCAE";2011;"JUV";"Court";9,30790441176471;9,89130434782609;10,2;10,618320610687;11,3152751865672;"Terrestre"
"PARMAJ";2011;"JUV";"Court";14,8166776315789;15,8808346288379;16,5555555555556;16,8509474885845;18,0152271243354;"Terrestre"
"PHYCOL";2011;"JUV";"Court";6,12989841597796;6,41136363636364;6,75164666276347;7,04262916894478;8,263125;"Terrestre"
"PRUMOD";2011;"JUV";"Court";15,9095029490107;17,2216823491239;17,8805147058824;18,4778015921617;20,2283338903743;"Terrestre"
"SYLATR";2011;"JUV";"Court";15,0758333333333;16,06;16,7702702702703;17,6342705167173;19,5;"Terrestre"
"TURMER";2011;"JUV";"Court";71,4243042702274;78,586794800885;82,8103670634921;86,4464909448819;94,16513671875;"Terrestre"
"ERIRUB";2012;"JUV";"Court";14,5401;15,5395683453237;16,3510708084121;16,8514285714286;18,5707847082495;"Terrestre"
"PARCAE";2012;"JUV";"Court";9,73066995847829;9,9236641221374;10,3174603174603;10,6716417910448;11,3303921568627;"Terrestre"
"PARMAJ";2012;"JUV";"Court";14,7679493706035;15,4000225225225;16,1081081081081;16,6379800853485;17,6829289131921;"Terrestre"
"PHYCOL";2012;"JUV";"Court";6,40314695550351;6,79625207641196;6,97706422018349;7,5323275862069;8,74017857142857;"Terrestre"
"PRUMOD";2012;"JUV";"Court";16,4549694055944;17,0490773493692;17,7251841300723;18,5021853146853;19,6625548885077;"Terrestre"
"SYLATR";2012;"JUV";"Court";14,5304761904762;15,8486842105263;16,277027027027;16,8092105263158;17,9869565217391;"Terrestre"
"TURMER";2012;"JUV";"Court";77,4706519170168;80,1588376301753;82,1012396694215;85,7188291350127;91,3162573313783;"Terrestre"
"ERIRUB";2013;"JUV";"Court";14,892;15,8896551724138;16,3;17,3959731543624;18,6253521126761;"Terrestre"
"PARCAE";2013;"JUV";"Court";9,74926503844415;10,0972020348837;10,4845528455285;10,923958834858;11,3677661290323;"Terrestre"
"PARMAJ";2013;"JUV";"Court";14,7210357396871;16,2176870748299;16,6644736842105;17,0583416583417;19,1210319975465;"Terrestre"
"PHYCOL";2013;"JUV";"Court";6,16962587846217;6,79888392857143;7,37447033898305;7,71415289256198;7,98616694165292;"Terrestre"
"PRUMOD";2013;"JUV";"Court";16,2171428571429;17,125;18,5928571428571;19,0608695652174;19,6232352941176;"Terrestre"
"SYLATR";2013;"JUV";"Court";15,096316091954;15,9152317880795;16,5454545454545;17,1444582413539;20,148;"Terrestre"
"TURMER";2013;"JUV";"Court";77,9766651205937;83,3013201474816;89,6821705426357;94,5514761178862;105,3785;"Terrestre"
"ERIRUB";2014;"JUV";"Court";14,8087830790974;15,5675675675676;16,2739726027397;16,9760869565217;18,32523138833;"Terrestre"
"PARCAE";2014;"JUV";"Court";9,3203125;9,8015873015873;10,5147058823529;10,8333333333333;11,2424260496183;"Terrestre"
"PARMAJ";2014;"JUV";"Court";14,7264802631579;16,1580043859649;16,6644736842105;17,3510822510822;18,625;"Terrestre"
"PHYCOL";2014;"JUV";"Court";6,24705673198483;6,76431818181818;6,93519656019656;7,33109110169492;8,57164954252287;"Terrestre"
"PRUMOD";2014;"JUV";"Court";15,6139705882353;17,2482014388489;18,1323529411765;18,6360294117647;19,7804347826087;"Terrestre"
"SYLATR";2014;"JUV";"Court";14,8111914731633;15,9408753847589;16,4438951590337;17,025;19,3441431924883;"Terrestre"
"TURMER";2014;"JUV";"Court";74,4826923076923;80,2694085296731;83,1572580645161;86,8198297604035;95,3774610943775;"Terrestre"
"ERIRUB";2015;"JUV";"Court";13,3194083240683;15,2960601446517;15,9394285714286;16,6192849404117;17,6318181818182;"Terrestre"
"PARCAE";2015;"JUV";"Court";9,3328203374373;10;10,3174603174603;10,5567915690867;11,1739561987705;"Terrestre"
"PARMAJ";2015;"JUV";"Court";14,3651030701754;15,5208333333333;16,3593835616438;16,9735221674877;18,1216216216216;"Terrestre"
"PHYCOL";2015;"JUV";"Court";6,43416563873256;6,81629464285714;7,18841673856773;7,32736280487805;7,76559509569378;"Terrestre"
"PRUMOD";2015;"JUV";"Court";15,7017489876385;16,8768115942029;17,125;17,8863946845504;18,7919892331933;"Terrestre"
"SYLATR";2015;"JUV";"Court";14,9438859957776;16;16,7702702702703;17,9927536231884;19,4945129107981;"Terrestre"
"TURMER";2015;"JUV";"Court";74,4327679010827;80,5735813953488;84,684765625;88,1764431063123;90,3847518394165;"Terrestre"
"ERIRUB";2016;"JUV";"Court";14,8307787073642;15,5277797072687;16,2253521126761;16,6177021276596;18,515299270073;"Terrestre"
"PARCAE";2016;"JUV";"Court";9,30790441176471;9,88;10,2217741935484;10,4609375;10,8074626865672;"Terrestre"
"PARMAJ";2016;"JUV";"Court";14,3065476190476;15,3857601351351;15,8933333333333;16,4480519480519;17,9820169295788;"Terrestre"
"PHYCOL";2016;"JUV";"Court";6,6483587406159;6,88277191558442;7,07661290322581;7,3125;7,83827479338843;"Terrestre"
"PRUMOD";2016;"JUV";"Court";13,9693130711881;17,125;17,3731884057971;17,8643218003674;19,4359255152269;"Terrestre"
"SYLATR";2016;"JUV";"Court";14,9169894366197;15,9574192880795;16,6093434343434;16,8258641114983;18,4842060810811;"Terrestre"
"TURMER";2016;"JUV";"Court";75,9302598697496;82,8353174603175;84,8556910569106;87,3938223938224;92,0569052324487;"Terrestre"
"ERIRUB";2017;"JUV";"Court";14,2173026973027;15,4775510204082;16,3404255319149;16,9127516778523;18,9561441597916;"Terrestre"
"PARCAE";2017;"JUV";"Court";8,91064754098361;9,46065447710185;10,2296875;10,623046875;13,1671799097849;"Terrestre"
"PARMAJ";2017;"JUV";"Court";14,6648808286565;15,5759295574907;16,1840183625898;16,707008396533;17,9243561337311;"Terrestre"
"PHYCOL";2017;"JUV";"Court";6,32621900826446;6,97732366512854;7,19262295081967;7,87701192250373;8,56692528735632;"Terrestre"
"PRUMOD";2017;"JUV";"Court";14,6773108470477;17,6765739130435;18,4030534351145;19,3700892857143;21,1536111111111;"Terrestre"
"SYLATR";2017;"JUV";"Court";15,2348426127233;16,1208333333333;16,9701298701299;17,6516393442623;18,7336189848385;"Terrestre"
"TURMER";2017;"JUV";"Court";78,159918365987;81,5773572472053;85,794226121423;89,5996435103645;98,083799542432;"Terrestre"
"ERIRUB";2018;"JUV";"Court";14,3798601398601;15,7183098591549;16,4571428571429;16,8749457439113;19,0155213866368;"Terrestre"
"PARCAE";2018;"JUV";"Court";9,51470588235294;9,71106412966878;10,0367647058824;10,5801793981481;10,7377369364754;"Terrestre"
"PARMAJ";2018;"JUV";"Court";14,7285317460317;15,9789076576577;16,5683016147636;17,4815251266069;18,7715653594771;"Terrestre"
"PHYCOL";2018;"JUV";"Court";6,51138481449525;6,74934176844877;7;7,11885888501742;7,46849413445631;"Terrestre"
"PRUMOD";2018;"JUV";"Court";16,9822916666667;17,3819589735208;17,5421187363834;18,5361283643892;19,9676810865191;"Terrestre"
"SYLATR";2018;"JUV";"Court";14,7497244897959;15,6158866995074;16,3924867083295;17,1007047571105;18,4754411764706;"Terrestre"
"TURMER";2018;"JUV";"Court";74,6971340612988;79,7558365758755;84,6584645669291;87,1733067729084;91,0324475524476;"Terrestre"
"ERIRUB";2019;"JUV";"Court";14,7380242311277;15,6310223266745;16,2253521126761;17,2596473948587;18,7474820143885;"Terrestre"
"PARCAE";2019;"JUV";"Court";9,72286821705426;10,15625;10,6716417910448;10,9922480620155;12,4567164179104;"Terrestre"
"PARMAJ";2019;"JUV";"Court";15,3982260596546;16,3499816041207;17,050744047619;17,7992525916327;18,6915178571429;"Terrestre"
"PHYCOL";2019;"JUV";"Court";6,61522400442478;6,92348484848485;7,19262295081967;7,44545454545455;8,61799772283669;"Terrestre"
"PRUMOD";2019;"JUV";"Court";15,7029511533243;17,3533333333333;18,3007462686567;19,3654135338346;22,2733333333333;"Terrestre"
"SYLATR";2019;"JUV";"Court";14,691455518018;15,7837837837838;16,8276821862348;17,6916891052196;18,2531037414966;"Terrestre"
"TURMER";2019;"JUV";"Court";78,6532655062897;83,4952956989247;86,900406504065;90,182805496763;98,6433430989583;"Terrestre"
"LUSMEG";1991;"AD";"Long";19,04375;19,4375;19,875;20,3125;20,70625;"Terrestre"
"SYLBOR";1991;"AD";"Long";15,6888607594937;16,4886075949367;16,7848101265823;16,8386075949367;16,9838607594937;"Terrestre"
"ACRSCI";1992;"AD";"Long";10,5543795620438;11,1549295774648;11,4788636244289;12,0633802816901;12,3806513194834;"Terrestre"
"LUSMEG";1992;"AD";"Long";21,7380952380952;21,7380952380952;21,7380952380952;21,7380952380952;21,7380952380952;"Terrestre"
"ACRSCI";1993;"AD";"Long";9,75;10,6764705882353;10,8358208955224;11,2391304347826;12,3515625;"Terrestre"
"LUSMEG";1993;"AD";"Long";20,7565664556962;20,815664556962;20,8813291139241;20,9469936708861;21,0060917721519;"Terrestre"
"ACRSCI";1994;"AD";"Long";9,70588235294118;10,5217391304348;11,0025258323766;12,0461538461538;13,416457960644;"Terrestre"
"LUSMEG";1994;"AD";"Long";21;21;21;21;21;"Terrestre"
"SYLBOR";1994;"AD";"Long";18,2962962962963;18,2962962962963;18,2962962962963;18,2962962962963;18,2962962962963;"Terrestre"
"ACRSCI";1995;"AD";"Long";10,402092760181;11,6048593350384;11,910447761194;12,6176470588235;13,8496875;"Terrestre"
"LUSMEG";1995;"AD";"Long";20;20;20;20;20;"Terrestre"
"ACRSCI";1996;"AD";"Long";10,8481343283582;11,34375;12;12,2027472527473;13,40625;"Terrestre"
"LUSMEG";1996;"AD";"Long";19,257012195122;19,484756097561;19,7378048780488;19,9908536585366;20,2185975609756;"Terrestre"
"SYLBOR";1996;"AD";"Long";16,7269480519481;16,8409090909091;16,9675324675325;17,0941558441558;17,2081168831169;"Terrestre"
"ACRSCI";1997;"AD";"Long";10,6826923076923;11,2128605769231;11,910447761194;12,6060924369748;13,84375;"Terrestre"
"LUSMEG";1997;"AD";"Long";21,0123563218391;21,2270114942529;21,4655172413793;21,7040229885057;21,9186781609195;"Terrestre"
"SYLBOR";1997;"AD";"Long";16,575;16,575;16,575;16,575;16,575;"Terrestre"
"ACRSCI";1998;"AD";"Long";9,85074626865672;11;11,34375;11,8208955223881;15,0079877112135;"Terrestre"
"SYLBOR";1998;"AD";"Long";15,5228978978979;16,5623123123123;17,7172172172172;18,8721221221221;19,9115365365365;"Terrestre"
"SYLCOM";1998;"AD";"Long";13,3768115942029;13,3768115942029;13,3768115942029;13,3768115942029;13,3768115942029;"Terrestre"
"ACRSCI";1999;"AD";"Long";9,70588235294118;11,1692307692308;11,7339771729587;12,1613623018203;13,2733333333333;"Terrestre"
"LUSMEG";1999;"AD";"Long";20,5114942528736;20,5114942528736;20,5114942528736;20,5114942528736;20,5114942528736;"Terrestre"
"SYLBOR";1999;"AD";"Long";16,3958722805857;17,261570644121;18,2650312650313;19,37;23,5478571428571;"Terrestre"
"SYLCOM";1999;"AD";"Long";12,8711866992068;13,0099431818182;13,7058953900709;14,2487810283688;15,0054114952719;"Terrestre"
"ACRSCI";2000;"AD";"Long";10,2429653204565;11,1692307692308;11,6495781959766;12,6176470588235;13,105;"Terrestre"
"LUSMEG";2000;"AD";"Long";18,0723345588235;19,7619047619048;20,75;21,7380952380952;24,988098464318;"Terrestre"
"SYLBOR";2000;"AD";"Long";15,685917721519;16,51875;16,7848101265823;17,6507284768212;20,1170886075949;"Terrestre"
"SYLCOM";2000;"AD";"Long";11,8625;12,6438356164384;13,3286935668856;14,8027052238806;19,2714285714286;"Terrestre"
"ACRSCI";2001;"AD";"Long";9,93409873708381;10,7573004542505;11,1353846153846;11,7213205645161;12,3659866220736;"Terrestre"
"LUSMEG";2001;"AD";"Long";19,5544899425287;20,3685661764706;21,1272727272727;21,6283068783069;23,2308823529412;"Terrestre"
"SYLBOR";2001;"AD";"Long";15,3896052631579;16,1455696202532;17,2207792207792;18,2337662337662;20,361038961039;"Terrestre"
"SYLCOM";2001;"AD";"Long";12,4077430555556;12,8301630434783;13,7082191780822;14,6015459882583;16,8939069634703;"Terrestre"
"ACRSCI";2002;"AD";"Long";10,1203193033382;10,937969924812;11,4891304347826;11,87484375;13,5496440944882;"Terrestre"
"LUSMEG";2002;"AD";"Long";18,5314095292116;19,7378048780488;20,4938271604938;21,4823529411765;22,9125;"Terrestre"
"SYLBOR";2002;"AD";"Long";15,3097658920027;16,64;17,3609341825902;18,6543895467538;21,4188684210526;"Terrestre"
"SYLCOM";2002;"AD";"Long";10,6360714285714;13,1752577319588;13,6485264735265;14,3021582733813;16,0189368770764;"Terrestre"
"ACRSCI";2003;"AD";"Long";7,80649450549451;11,1692307692308;11,6470588235294;12,2697861965491;14,7955515391791;"Terrestre"
"LUSMEG";2003;"AD";"Long";17,8607594936709;19,5959893048128;20,438622754491;21,4823529411765;23,4688315682499;"Terrestre"
"SYLBOR";2003;"AD";"Long";14,6962256493507;16,4014415018438;17,2770562770563;18,4736842105263;20,1346801346801;"Terrestre"
"SYLCOM";2003;"AD";"Long";11,6421180512946;13,0460992907801;13,75;14,4716836734694;15,2772158498436;"Terrestre"
"ACRSCI";2004;"AD";"Long";10;10,828125;11,34375;12,0456273764259;14,1428571428571;"Terrestre"
"LUSMEG";2004;"AD";"Long";17,6412957317073;19,372229020979;20,6211180124224;21,5379746835443;23,1393939393939;"Terrestre"
"SYLBOR";2004;"AD";"Long";14,6242528735632;17,1000616396137;17,5;18,1365853658537;22,1585288522511;"Terrestre"
"SYLCOM";2004;"AD";"Long";11,9178571428571;13;13,3768115942029;14,3293879602201;17,466726618705;"Terrestre"
"ACRSCI";2005;"AD";"Long";10,021828358209;11,1692307692308;11,6470588235294;12,375;14,6560615384615;"Terrestre"
"LUSMEG";2005;"AD";"Long";17,7560714285714;19,9405572755418;20,75;21,4354354354354;25,5009784735812;"Terrestre"
"SYLBOR";2005;"AD";"Long";16,1462436297879;17,2916666666667;18;18,8578577927986;21,4237341772152;"Terrestre"
"SYLCOM";2005;"AD";"Long";12,7761954536717;13,1301369863014;13,7218449349179;14,7569725041884;16,4038392113302;"Terrestre"
"ACRSCI";2006;"AD";"Long";9,84712467076383;10,8358208955224;11,3786419172932;12,2168197474168;15,1904761904762;"Terrestre"
"LUSMEG";2006;"AD";"Long";18,6327761627907;19,7169375534645;20,453689610263;21,3126614060258;23,2931402439024;"Terrestre"
"SYLBOR";2006;"AD";"Long";15,6664540625468;16,8917197452229;18,0227768456376;18,9857142857143;21,3122962962963;"Terrestre"
"SYLCOM";2006;"AD";"Long";11,287830057574;12,6162440493539;13,5957446808511;14,0477941176471;16,1635714285714;"Terrestre"
"ACRSCI";2007;"AD";"Long";10,1538461538462;11;11,5;12,2790697674419;14,5911764705882;"Terrestre"
"LUSMEG";2007;"AD";"Long";18,7738095238095;19,7438298490128;20,3748897707231;21,4748416289593;23,9927884615385;"Terrestre"
"SYLBOR";2007;"AD";"Long";15,591985862239;16,7450984306992;17,4416666666667;18,525;20,97875;"Terrestre"
"SYLCOM";2007;"AD";"Long";11,8459771689498;13;13,6928571428571;14,429347826087;17,1365030832477;"Terrestre"
"ACRSCI";2008;"AD";"Long";10,1911764705882;10,8358208955224;11,1692307692308;11,8208955223881;13,8;"Terrestre"
"LUSMEG";2008;"AD";"Long";18,8167701863354;20,0044117647059;20,75;21,9705882352941;24,7930555555555;"Terrestre"
"SYLBOR";2008;"AD";"Long";15,0493421052632;16,5266129032258;17,2527374388445;18,2608695652174;21,9651898734177;"Terrestre"
"SYLCOM";2008;"AD";"Long";11,7373873873874;12,8194444444444;13,5;14,3918918918919;17,0780199252802;"Terrestre"
"ACRSCI";2009;"AD";"Long";10,1507754342432;10,9302701235238;11,34375;11,988188976378;14,619116265414;"Terrestre"
"LUSMEG";2009;"AD";"Long";18,5529411764706;19,9177399175743;20,6886094674556;21,5185185185185;24,1345454545455;"Terrestre"
"SYLBOR";2009;"AD";"Long";14,9558598726115;16,4860248447205;17,5629139072848;18,3766091183372;20,3407792207792;"Terrestre"
"SYLCOM";2009;"AD";"Long";12,2372867063492;13,0257750158887;13,6452562151192;14,5;17,7151223776224;"Terrestre"
"ACRSCI";2010;"AD";"Long";9,9772314118398;10,828125;11,34375;11,9097744360902;13,9342105263158;"Terrestre"
"LUSMEG";2010;"AD";"Long";18,4486363636364;20;20,9329031803117;22,0632911392405;24,9;"Terrestre"
"SYLBOR";2010;"AD";"Long";15,4439266164899;16,6725;17,4557596822244;18,4934210526316;21,4115131578947;"Terrestre"
"SYLCOM";2010;"AD";"Long";11,8333333333333;12,9318181818182;13,7492063492064;14,4057971014493;16,4459716386555;"Terrestre"
"ACRSCI";2011;"AD";"Long";9,96690659340659;10,6836538461538;11;11,6402236951118;13,5798837209302;"Terrestre"
"LUSMEG";2011;"AD";"Long";18,3613372093023;19,558912386707;20,75;21,9124649859944;25,3706081081081;"Terrestre"
"SYLBOR";2011;"AD";"Long";15,52;16,575;17,5;18,7402597402597;21,0240789473684;"Terrestre"
"SYLCOM";2011;"AD";"Long";12;13,0230496453901;13,4190134190134;14,4678807466047;16,750505952381;"Terrestre"
"ACRSCI";2012;"AD";"Long";10,1158472344162;10,7555555555556;11,0839694656489;11,6470588235294;12,3444444444444;"Terrestre"
"LUSMEG";2012;"AD";"Long";17,7134146341463;19,5900621118012;20,75;21,2814024390244;23,0474183006536;"Terrestre"
"SYLBOR";2012;"AD";"Long";15,7565962518494;16,6570655448112;17,8285714285714;18,6073972260402;22,3449107142857;"Terrestre"
"SYLCOM";2012;"AD";"Long";11,8333333333333;12,6480865025386;13,6832191780822;14,9800724637681;18,1009575569358;"Terrestre"
"ACRSCI";2013;"AD";"Long";10,3357639284494;10,6615384615385;11,0839694656489;11,8208955223881;13,201218011811;"Terrestre"
"LUSMEG";2013;"AD";"Long";18,6922916666667;20,0575221238938;20,75;22,0077160493827;25,6375840336134;"Terrestre"
"SYLBOR";2013;"AD";"Long";15,0967741935484;16,3703703703704;16,8917197452229;17,68;21,5849056603774;"Terrestre"
"SYLCOM";2013;"AD";"Long";12,1812972972973;12,9090909090909;13,7335766423358;14,6176470588235;16,6769423057694;"Terrestre"
"ACRSCI";2014;"AD";"Long";9,83737226277372;10,5217391304348;11,1617647058824;11,6;12,514;"Terrestre"
"LUSMEG";2014;"AD";"Long";18,7091341991342;20;20,5058823529412;21,9705882352941;25,5268292682927;"Terrestre"
"SYLBOR";2014;"AD";"Long";15,0986842105263;16,2399092428947;17,0625;18,0341772151899;19,3781105352692;"Terrestre"
"SYLCOM";2014;"AD";"Long";12,4331050228311;13,1999547101449;13,9147293064877;14,3145910780669;18,8475190839695;"Terrestre"
"ACRSCI";2015;"AD";"Long";10,1485419058553;10,8358208955224;11,1692307692308;11,8502757352941;13,1152523098792;"Terrestre"
"LUSMEG";2015;"AD";"Long";18,5894117647059;19,8178346810422;20,5215309200603;21,4104655359076;24,2141530156366;"Terrestre"
"SYLBOR";2015;"AD";"Long";14,7096292947559;16,3470179389609;17,3853896103896;18,0170886075949;20,9927041111754;"Terrestre"
"SYLCOM";2015;"AD";"Long";12,3175138888889;13,1579256360078;14;14,4057971014493;16,0184186684969;"Terrestre"
"ACRSCI";2016;"AD";"Long";9,95357142857143;10,6615384615385;11,0839694656489;11,6580053073861;14,3726612903226;"Terrestre"
"LUSMEG";2016;"AD";"Long";18,3643345953536;19,6449704142012;20,6272189349112;21,5895953757225;22,7235294117647;"Terrestre"
"SYLBOR";2016;"AD";"Long";15,179321880651;16,3949044585987;17,0519480519481;17,8041490857947;18,9754000711238;"Terrestre"
"SYLCOM";2016;"AD";"Long";11,8441496598639;12,9308312807882;13,3125;14,0082660647902;16,6619285714286;"Terrestre"
"ACRSCI";2017;"AD";"Long";9,99480602006689;10,4696564885496;10,7132352941176;11,0122222222222;13,0564122137405;"Terrestre"
"LUSMEG";2017;"AD";"Long";17,8386389105206;19,9005847953216;20,75;21,7621951219512;25,6831569664903;"Terrestre"
"SYLBOR";2017;"AD";"Long";14,9112204724409;15,9900152349701;17;17,4204968944099;18,4736842105263;"Terrestre"
"SYLCOM";2017;"AD";"Long";11,419543958802;12,5578231292517;13,2838591983556;13,8899880607198;16,653125;"Terrestre"
"ACRSCI";2018;"AD";"Long";9,83626895854398;10,2118673050616;11,25;11,5328467153285;13,6477777777778;"Terrestre"
"LUSMEG";2018;"AD";"Long";18,2606676319176;19,7906493506493;20,9283667621776;21,8574737028198;25,1835891505467;"Terrestre"
"SYLBOR";2018;"AD";"Long";14,1145249597424;16,6269592476489;17,5746835443038;18,525;21,1937117506541;"Terrestre"
"SYLCOM";2018;"AD";"Long";11,7248611111111;13,0125369127517;13,9121621621622;14,4772401433692;15,4388712928304;"Terrestre"
"ACRSCI";2019;"AD";"Long";9,9273631840796;10,488829787234;11,0323529411765;11,3820895522388;13,7188914027149;"Terrestre"
"LUSMEG";2019;"AD";"Long";18,1479598775927;19,7378048780488;21,0061728395062;21,7875;23,4973867595819;"Terrestre"
"SYLBOR";2019;"AD";"Long";14,7952830188679;16,575;17,1987577639752;18,4459459459459;21,4299059929495;"Terrestre"
"SYLCOM";2019;"AD";"Long";11,9496322515399;13;13,5238095238095;14,606045751634;16,9314536340852;"Terrestre"
"ACRSCI";1994;"JUV";"Long";12,5806451612903;12,5806451612903;12,5806451612903;12,5806451612903;12,5806451612903;"Terrestre"
"SYLCOM";1998;"JUV";"Long";14,2986111111111;14,2986111111111;14,2986111111111;14,2986111111111;14,2986111111111;"Terrestre"
"ACRSCI";1999;"JUV";"Long";11,5322580645161;11,5322580645161;11,5322580645161;11,5322580645161;11,5322580645161;"Terrestre"
"SYLBOR";1999;"JUV";"Long";16,6714638157895;17,2376644736842;17,8667763157895;18,4958881578947;19,0620888157895;"Terrestre"
"SYLCOM";1999;"JUV";"Long";14,4154438405797;14,5022644927536;14,598731884058;14,6951992753623;14,7820199275362;"Terrestre"
"ACRSCI";2000;"JUV";"Long";11,171875;11,171875;11,171875;11,171875;12,0859375;"Terrestre"
"LUSMEG";2000;"JUV";"Long";20,4122713414634;20,7477134146341;21,1328506097561;21,7193631329114;22,5985185917722;"Terrestre"
"SYLBOR";2000;"JUV";"Long";15,3298051948052;15,5980519480519;15,8961038961039;18,148051948052;20,1748051948052;"Terrestre"
"SYLCOM";2000;"JUV";"Long";12,8736805555556;13,3913888888889;14,2986111111111;14,9933712121212;15,3880105401845;"Terrestre"
"LUSMEG";2001;"JUV";"Long";20,0504848662944;21,6024096385542;21,6024096385542;22,1834319526627;22,3895931952663;"Terrestre"
"SYLBOR";2001;"JUV";"Long";15,6274248417722;16,831210443038;18,16875;18,16875;18,16875;"Terrestre"
"SYLCOM";2001;"JUV";"Long";11,9751712328767;12,9109589041096;13,2285324969148;13,5482142857143;14,5296428571429;"Terrestre"
"ACRSCI";2002;"JUV";"Long";13,6290322580645;13,6290322580645;13,6290322580645;13,6290322580645;13,6290322580645;"Terrestre"
"LUSMEG";2002;"JUV";"Long";20,5278125;21,903125;22,6962025316456;23,566265060241;24,0899598393574;"Terrestre"
"SYLBOR";2002;"JUV";"Long";15,7537126400996;16,0255909090909;16,1493461538462;16,3403159340659;16,3928571428571;"Terrestre"
"SYLCOM";2002;"JUV";"Long";12,5846223021583;12,8523361453602;13,2141410912191;13,9184782608696;15,4292537313433;"Terrestre"
"ACRSCI";2003;"JUV";"Long";10,680859375;10,83203125;11;11,1423611111111;11,2704861111111;"Terrestre"
"LUSMEG";2003;"JUV";"Long";20,0675114329268;21,5117759146341;22,3938643292683;22,9708533653846;24,2671474358974;"Terrestre"
"SYLBOR";2003;"JUV";"Long";16,9332355144855;17,3258616383616;17,7621128871129;18,1983641358641;18,5909902597403;"Terrestre"
"SYLCOM";2003;"JUV";"Long";13,9269230769231;14,1503496503496;14,7916666666667;15,2142857142857;16,1271428571429;"Terrestre"
"ACRSCI";2004;"JUV";"Long";11,2071187033582;11,5243120335821;11,7792288557214;12,0826612903226;12,5308467741936;"Terrestre"
"LUSMEG";2004;"JUV";"Long";18,27275017934;19,9352635590501;21,5400422352177;22,6681604466647;25,9232692307692;"Terrestre"
"SYLBOR";2004;"JUV";"Long";17,42925;17,8748376623377;18,1215584415584;18,42375;19,03575;"Terrestre"
"SYLCOM";2004;"JUV";"Long";11,8931506849315;12,8076980345444;13,9398496240602;14,5128091872792;15,88625;"Terrestre"
"ACRSCI";2005;"JUV";"Long";10,7090163934426;11,1885245901639;11,1885245901639;11,5;11,5;"Terrestre"
"LUSMEG";2005;"JUV";"Long";19,0731922468354;20,1033333333333;20,8974358974359;21,4763513513514;23,125625;"Terrestre"
"SYLBOR";2005;"JUV";"Long";16,6156050955414;17,0541401273885;17,5414012738854;17,8428160215581;18,1140892944635;"Terrestre"
"SYLCOM";2005;"JUV";"Long";11,5475042134524;12,8185604362767;13,0474025974026;13,5896048109966;14,3877233676976;"Terrestre"
"ACRSCI";2006;"JUV";"Long";10,98221915233;11,6659836065574;12,1875;12,3864265501969;13,088659067623;"Terrestre"
"LUSMEG";2006;"JUV";"Long";19,9767936331961;20,8214127406282;21,3689024390244;22,7743352326686;24,2595836232468;"Terrestre"
"SYLBOR";2006;"JUV";"Long";18,1184210526316;18,1184210526316;18,1184210526316;18,1184210526316;18,1184210526316;"Terrestre"
"SYLCOM";2006;"JUV";"Long";12,7925934803452;13,8187919463087;14,2953020134228;14,6028368794326;15,4657631399981;"Terrestre"
"ACRSCI";2007;"JUV";"Long";10,3239087301587;10,6461950231481;11,6590909090909;12,1496605319268;13,5695404505888;"Terrestre"
"LUSMEG";2007;"JUV";"Long";19,3497098765432;20,4363704819277;21,2320593962999;22,5338335445043;23,7708333333333;"Terrestre"
"SYLBOR";2007;"JUV";"Long";15,5458375506073;17,9818737006237;18,1184210526316;18,3945613716774;19,0791523972603;"Terrestre"
"SYLCOM";2007;"JUV";"Long";12,9485391321008;13,8055555555556;14;14,8870967741935;17,1024766899767;"Terrestre"
"ACRSCI";2008;"JUV";"Long";10,124757751938;10,6716417910448;11,259842519685;11,5;12,2909090909091;"Terrestre"
"LUSMEG";2008;"JUV";"Long";19,6171133902699;20,6610471806674;21,0501949317739;22,5698678861789;25,926305465368;"Terrestre"
"SYLBOR";2008;"JUV";"Long";15,1570675616197;16,4371371552975;17,0229900744417;17,8161205570745;18,87;"Terrestre"
"SYLCOM";2008;"JUV";"Long";12,2774305555556;12,8860735735736;13,3768115942029;14,0513698630137;14,7937797619048;"Terrestre"
"ACRSCI";2009;"JUV";"Long";10,0546268656716;10,8333333333333;11,1985018726592;11,3492063492063;12,3;"Terrestre"
"LUSMEG";2009;"JUV";"Long";19,2358348968105;20,1234567901235;21,1296296296296;22,4727810650888;23,1365365365365;"Terrestre"
"SYLBOR";2009;"JUV";"Long";15,4169426751592;16,5668789808917;17,1882911392405;18,1;19,6655540142188;"Terrestre"
"SYLCOM";2009;"JUV";"Long";13,25;13,8913043478261;14,2;14,7916666666667;15,1448140900196;"Terrestre"
"ACRSCI";2010;"JUV";"Long";10,0166330645161;10,1663306451613;10,2813416422287;10,4216974431818;10,6398259943182;"Terrestre"
"LUSMEG";2010;"JUV";"Long";19,2734943977591;20,7388908575478;21,369494047619;22,6214743589744;24,4187472077439;"Terrestre"
"SYLBOR";2010;"JUV";"Long";14,5718719571568;16,8636085252327;17,291095890411;17,875;19,09375;"Terrestre"
"SYLCOM";2010;"JUV";"Long";12,5576241134752;13,6083333333333;14;14,4987606196902;15,5966861402095;"Terrestre"
"ACRSCI";2011;"JUV";"Long";10,3092910447761;10,3929104477612;10,4858208955224;10,5787313432836;10,6623507462687;"Terrestre"
"LUSMEG";2011;"JUV";"Long";18,3437692307692;20,3328512161855;21,1114457831325;21,8658536585366;23,4669691358025;"Terrestre"
"SYLBOR";2011;"JUV";"Long";15,5525943396226;17,3318237064475;17,6240737789818;18,2407792207792;18,5009210526316;"Terrestre"
"SYLCOM";2011;"JUV";"Long";13,0033408408408;13,5735294117647;14,1027397260274;14,5;16,5304347826087;"Terrestre"
"ACRSCI";2012;"JUV";"Long";10,5070185770515;11,0970295009328;11,5719696969697;12,3579545454545;12,5;"Terrestre"
"LUSMEG";2012;"JUV";"Long";19,801139789838;20,0605709876543;21,39375;22,4395803928487;22,8483026052693;"Terrestre"
"SYLBOR";2012;"JUV";"Long";17,4416981752425;17,5435640309058;17,6567483149762;17,7699325990465;17,8717984547098;"Terrestre"
"SYLCOM";2012;"JUV";"Long";13,2603879310345;13,6176724137931;13,7777777777778;13,9791666666667;14,4479166666667;"Terrestre"
"LUSMEG";2013;"JUV";"Long";18,9584523809524;21,1296296296296;22,5323529411765;23,3567073170732;24,175493612079;"Terrestre"
"SYLBOR";2013;"JUV";"Long";16,0072197539303;17,0072624743677;18,1184210526316;19,5386625811103;20,8168799567412;"Terrestre"
"SYLCOM";2013;"JUV";"Long";13,2145643074581;13,8541666666667;14,3958333333333;15,4889880952381;16,3709756728778;"Terrestre"
"ACRSCI";2014;"JUV";"Long";12;12;12;12;12;"Terrestre"
"LUSMEG";2014;"JUV";"Long";19,0708915502329;20,3742605697696;20,884375;21,9514416072387;23,7975;"Terrestre"
"SYLBOR";2014;"JUV";"Long";16,2491884615385;16,7578051948052;17,2125;17,8530502392344;19,0042105263158;"Terrestre"
"SYLCOM";2014;"JUV";"Long";12,6657867199391;12,9955357142857;13,7075569358178;14,2717771359076;14,496905466796;"Terrestre"
"ACRSCI";2015;"JUV";"Long";10,5004;10,504;11,171875;11,171875;14,828125;"Terrestre"
"LUSMEG";2015;"JUV";"Long";18,1236095088991;21,4938753788425;22,1384027233193;22,9303109003312;24,5616438356164;"Terrestre"
"SYLBOR";2015;"JUV";"Long";15,4610526315789;16,83;18,1184210526316;18,8766233766234;19,231993006993;"Terrestre"
"SYLCOM";2015;"JUV";"Long";12,749200913242;13,4744525547445;14,0963503649635;14,7916666666667;15,3932773109244;"Terrestre"
"ACRSCI";2016;"JUV";"Long";9,76051805939115;9,99207606973058;10,048309178744;10,077519379845;10,984496124031;"Terrestre"
"LUSMEG";2016;"JUV";"Long";20,1166504258564;20,7366863905325;21,6670731707317;22,4125;23,7857600732601;"Terrestre"
"SYLBOR";2016;"JUV";"Long";16,577027027027;16,9054054054054;17,2702702702703;17,6351351351351;17,9635135135135;"Terrestre"
"SYLCOM";2016;"JUV";"Long";13,8400771556668;14,3021582733813;14,5109489051095;14,7916666666667;14,8612745098039;"Terrestre"
"LUSMEG";2017;"JUV";"Long";18,7576198153013;20,3433618012422;21,2401741110785;21,6406762775434;23,2728487460815;"Terrestre"
"SYLBOR";2017;"JUV";"Long";17,0924295112782;17,3507453364424;17,5134478505278;18,2212182247534;19,7789444120222;"Terrestre"
"SYLCOM";2017;"JUV";"Long";13,7199324813118;13,8062213648421;13,9020979020979;14,7318708688572;15,4786665389405;"Terrestre"
"LUSMEG";2018;"JUV";"Long";18,5880641494788;19,7497104806022;20,9779104953018;22,3154191616766;23,9558441310976;"Terrestre"
"SYLBOR";2018;"JUV";"Long";16,0510635477249;16,710002565857;17,1634786399303;17,5703225806452;18,1033548387097;"Terrestre"
"SYLCOM";2018;"JUV";"Long";13,1403827341648;13,3125;13,6633915918753;14,6245414526779;15,4562198067633;"Terrestre"
"LUSMEG";2019;"JUV";"Long";19,7590798560094;20,5996835443038;21,4971014492754;22,5096355366191;23,6527173913043;"Terrestre"
"SYLBOR";2019;"JUV";"Long";15,4397596153846;16,6975961538462;17,6888736263736;18,5074608610568;19,2990337573385;"Terrestre"
"SYLCOM";2019;"JUV";"Long";12,940921900161;13,2702127659574;13,6530447542186;14,0691874807277;15,2801063829787;"Terrestre"
"ACRSCH";1996;"AD";"Long";10,2145635459068;11,000641025641;11,6209677419355;12,4793346774194;14,4014579232283;"STOC-rozo"
"ACRSCI";1996;"AD";"Long";9,54664522058824;10,2525436046512;11;11,8814533887937;14,5096153846154;"STOC-rozo"
"ACRSCH";1997;"AD";"Long";9,81762911632315;10,1912165363658;10,6063136697465;11,0214108031272;11,3949982231699;"STOC-rozo"
"ACRSCI";1997;"AD";"Long";10,6764705882353;10,8358208955224;11;11,5854341736695;12,85;"STOC-rozo"
"ACRSCH";1998;"AD";"Long";9,75258430071863;10,2388736263736;10,7537313432836;11,1279146634615;14,1453629032258;"STOC-rozo"
"ACRSCI";1998;"AD";"Long";9,92652123995408;10,7555555555556;11;11,8653349792391;13,3046875;"STOC-rozo"
"ACRSCH";2000;"AD";"Long";10,234375;11,0846153846154;11,7313432835821;12,0923076923077;12,8974478390462;"STOC-rozo"
"ACRSCI";2000;"AD";"Long";10,0648854961832;10,7555555555556;11;11,8208955223881;13,03;"STOC-rozo"
"ACRSCH";2001;"AD";"Long";13,1;13,1;13,1;13,1;13,1;"STOC-rozo"
"ACRSCI";2001;"AD";"Long";9,85074626865672;10,8358208955224;11,34375;12,0461538461538;13,6271756978654;"STOC-rozo"
"ACRSCH";2002;"AD";"Long";10,2880793401414;10,509328358209;10,9166666666667;11,36015625;14,0875384615385;"STOC-rozo"
"ACRSCI";2002;"AD";"Long";10,1942254025045;10,8358208955224;11,2862453531599;11,8208955223881;13,5119047619048;"STOC-rozo"
"ACRSCH";2003;"AD";"Long";11,9540037448347;12,6931624483471;13,5144498966942;14,3357373450413;15,0748960485537;"STOC-rozo"
"ACRSCI";2003;"AD";"Long";9,89873076923077;10,7611965811966;11,3142857142857;12;14,6087454364421;"STOC-rozo"
"ACRSCH";2004;"AD";"Long";10,4392747580366;10,7859858030914;10,9800640149715;11,2425373134328;11,8178493088942;"STOC-rozo"
"ACRSCI";2004;"AD";"Long";9,8544776119403;10,6652714932127;11;11,6769230769231;12,9985294117647;"STOC-rozo"
"ACRSCI";2005;"AD";"Long";9,85074626865672;10,7060180160625;11,1441007437458;11,8208955223881;13,4750246969017;"STOC-rozo"
"ACRSCH";2006;"AD";"Long";9,72265625;10,25;10,8345864661654;11,3913043478261;12,434435483871;"STOC-rozo"
"ACRSCI";2006;"AD";"Long";9,98129496402878;10,6764705882353;11,34375;11,9547169811321;13,5418546365915;"STOC-rozo"
"ACRSCH";2007;"AD";"Long";10,2532692307692;11,0846153846154;11,2578125;11,9090909090909;12,9167716733871;"STOC-rozo"
"ACRSCI";2007;"AD";"Long";10,1770992366412;11;11,4782608695652;11,9097744360902;13,3961011904762;"STOC-rozo"
"ACRSCH";2008;"AD";"Long";10,2649253731343;11,4365079365079;11,76953125;12,0923076923077;13,551724137931;"STOC-rozo"
"ACRSCI";2008;"AD";"Long";10,0594920174165;10,7218984962406;11,3422222222222;11,8208955223881;14,3395167858112;"STOC-rozo"
"ACRSCH";2009;"AD";"Long";10,7789868881119;11,3296722907203;11,7313432835821;12,3793924466338;13,8242334054834;"STOC-rozo"
"ACRSCI";2009;"AD";"Long";10,3038805970149;10,9645161290323;11,4330708661417;12,0916030534351;14,2153846153846;"STOC-rozo"
"ACRSCH";2010;"AD";"Long";10,4204545454545;11,0001751824818;11,2425373134328;11,8378131766161;12,6138817663818;"STOC-rozo"
"ACRSCI";2010;"AD";"Long";10,1538461538462;10,8358208955224;11,3283582089552;12;13,8708870967742;"STOC-rozo"
"ACRSCH";2011;"AD";"Long";9,6995723880597;10,8345864661654;11,1994923076923;11,6168238855739;12,7800576923077;"STOC-rozo"
"ACRSCI";2011;"AD";"Long";9,9975012356527;10,9661538461538;11,3283582089552;11,9145887105824;14,225;"STOC-rozo"
"ACRSCH";2012;"AD";"Long";9,92424242424243;10,490234375;10,5645161290323;11,0342307692308;13,6191469254032;"STOC-rozo"
"ACRSCI";2012;"AD";"Long";10;10,7390315862548;11,2283998283998;11,6769230769231;13,511811023622;"STOC-rozo"
"ACRSCH";2013;"AD";"Long";10,7674153645833;10,93798828125;11,1298828125;11,6010384908537;11,7627707380589;"STOC-rozo"
"ACRSCI";2013;"AD";"Long";10,3458074534161;10,8680176565008;11,357268258427;11,9097744360902;14,5513874185101;"STOC-rozo"
"ACRSCH";2014;"AD";"Long";9,98668197474168;10,6740740740741;11,3270676691729;11,76953125;12,9610606060606;"STOC-rozo"
"ACRSCI";2014;"AD";"Long";10,1205077286389;10,7707738867272;11,1692307692308;11,6045513095749;14,1688888888889;"STOC-rozo"
"ACRSCH";2015;"AD";"Long";10,1170017482517;10,74609375;11,0469005847953;11,5802287581699;14,1429997086247;"STOC-rozo"
"ACRSCI";2015;"AD";"Long";10;10,6615384615385;11,0802919708029;11,8208955223881;13,9221255060729;"STOC-rozo"
"ACRSCH";2016;"AD";"Long";11,0174643826323;11,0314620081411;11,0470149253731;11,4546098248913;11,8214452344576;"STOC-rozo"
"ACRSCI";2016;"AD";"Long";10;10,621875;11,0328358208955;11,4067669172932;12,8125228346457;"STOC-rozo"
"ACRSCH";2017;"AD";"Long";10,1561957465278;10,7021801541847;11,15546875;11,6553366720704;12,6103415661909;"STOC-rozo"
"ACRSCI";2017;"AD";"Long";10,0180291970803;10,6373626373626;11;11,4749498327759;13,2039130434783;"STOC-rozo"
"ACRSCH";2018;"AD";"Long";10,0008796296296;10,6523684210526;11,2981412639405;11,5562608444187;12,9933720930233;"STOC-rozo"
"ACRSCI";2018;"AD";"Long";9,97206952904472;10,6615384615385;11,1;11,6598638252719;13,44140625;"STOC-rozo"
"ACRSCH";2019;"AD";"Long";10,0261538461538;10,7739102564103;11,1151515151515;11,5298959746721;12,9514317829457;"STOC-rozo"
"ACRSCI";2019;"AD";"Long";10,2361000820345;10,9258107956458;11,3977859778598;11,8172413793103;13,8078868778281;"STOC-rozo"
"ACRSCH";1997;"JUV";"Long";9,7006993006993;9,73426573426574;9,77156177156177;9,80885780885781;9,84242424242424;"STOC-rozo"
"ACRSCI";1997;"JUV";"Long";9,71952259164535;10,6716417910448;10,6716417910448;10,8333333333333;11,3764705882353;"STOC-rozo"
"ACRSCH";2000;"JUV";"Long";10;10,1190476190476;10,6666666666667;11,2038461538462;12,1380952380952;"STOC-rozo"
"ACRSCH";2001;"JUV";"Long";10,5241411987681;10,6742478085762;10,8410329305852;11,0078180525942;11,1579246624023;"STOC-rozo"
"ACRSCI";2001;"JUV";"Long";10,8502604166667;11,0026041666667;11,171875;12,1875;13,1015625;"STOC-rozo"
"ACRSCI";2002;"JUV";"Long";9,55882352941176;9,55882352941176;9,85753676470588;10,2381552419355;10,4592993951613;"STOC-rozo"
"ACRSCI";2003;"JUV";"Long";10,4767339575382;10,9887136211832;11,5575799141221;12,1264462070611;12,6384258707061;"STOC-rozo"
"ACRSCI";2005;"JUV";"Long";10,8875;11,375;11,9166666666667;12,4583333333333;12,9458333333333;"STOC-rozo"
"ACRSCH";2006;"JUV";"Long";9,96775973030953;10,5074626865672;11,0967741935484;11,7290836653386;12,6780952380952;"STOC-rozo"
"ACRSCI";2006;"JUV";"Long";10,5755905511811;11,0218097737783;11,1567164179104;11,3689856581078;11,5626072548672;"STOC-rozo"
"ACRSCH";2007;"JUV";"Long";10;10;10,1587301587302;10,6666666666667;11,4135338345865;"STOC-rozo"
"ACRSCI";2007;"JUV";"Long";10,5846269063181;11,1157059314954;11,3340104292991;12,2923387096774;12,8573028673835;"STOC-rozo"
"ACRSCH";2008;"JUV";"Long";10,6576923076923;10,9868345135064;11,6552845528455;11,7333333333333;13,0322580645161;"STOC-rozo"
"ACRSCI";2008;"JUV";"Long";10,1606182795699;10,91796875;11,3359375;12,015625;12,3567708333333;"STOC-rozo"
"ACRSCH";2009;"JUV";"Long";11;11;11;11;11;"STOC-rozo"
"ACRSCI";2009;"JUV";"Long";10,5257462686567;10,7524875621891;10,8333333333333;11,4734848484848;11,9727272727273;"STOC-rozo"
"ACRSCH";2010;"JUV";"Long";9,46435007099522;9,65989415257519;9,87716535433071;10,2547117094234;10,5945034290069;"STOC-rozo"
"ACRSCI";2010;"JUV";"Long";12,0198818897638;12,1988188976378;12,3976377952756;12,5964566929134;12,7753937007874;"STOC-rozo"
"ACRSCH";2011;"JUV";"Long";9,87836407377707;10,3743384121893;10,925421010425;11,4765036086608;11,972477947073;"STOC-rozo"
"ACRSCH";2012;"JUV";"Long";11,4793650793651;11,4793650793651;11,4793650793651;11,4793650793651;11,4793650793651;"STOC-rozo"
"ACRSCI";2012;"JUV";"Long";11,1428571428571;11,1428571428571;11,1428571428571;11,1428571428571;11,1428571428571;"STOC-rozo"
"ACRSCH";2013;"JUV";"Long";10,1647058823529;10,1647058823529;10,1647058823529;10,1647058823529;10,1647058823529;"STOC-rozo"
"ACRSCI";2013;"JUV";"Long";9,96992481203008;9,96992481203008;9,96992481203008;9,96992481203008;9,96992481203008;"STOC-rozo"
"ACRSCH";2014;"JUV";"Long";9,40865384615385;9,93725490196078;10,5396825396825;10,8307692307692;11,3169230769231;"STOC-rozo"
"ACRSCI";2014;"JUV";"Long";10,7644820971867;10,9926470588235;11,304347826087;11,3257575757576;11,9833822091887;"STOC-rozo"
"ACRSCH";2015;"JUV";"Long";9,45800229621125;10,0987376577928;10,3384615384615;10,5620078740157;11,4071153846154;"STOC-rozo"
"ACRSCI";2015;"JUV";"Long";10,2475746268657;10,7966417910448;11;11,04296875;11,158984375;"STOC-rozo"
"ACRSCH";2016;"JUV";"Long";9,65079365079365;9,65079365079365;9,85396825396825;10,1796571428571;10,5104457142857;"STOC-rozo"
"ACRSCI";2016;"JUV";"Long";10,7851851851852;10,7851851851852;10,7851851851852;10,7851851851852;10,7851851851852;"STOC-rozo"
"ACRSCH";2017;"JUV";"Long";9,49987315010571;10,1;10,56;10,8307692307692;11,2390585659551;"STOC-rozo"
"ACRSCI";2017;"JUV";"Long";9,99051679586563;10,606746031746;11,0651920498922;11,5619402985075;12,1012578047236;"STOC-rozo"
"ACRSCH";2018;"JUV";"Long";9,83008807985907;10,2148854961832;10,515391422335;10,8402334979793;11,7735454916361;"STOC-rozo"
"ACRSCI";2018;"JUV";"Long";10,0400262467192;10,7230580452411;11,304347826087;11,6259254362771;12,7630952380952;"STOC-rozo"
"ACRSCH";2019;"JUV";"Long";9,54239948727926;10,3629032258065;10,6666666666667;10,9571526980482;11,2830708661417;"STOC-rozo"
"ACRSCI";2019;"JUV";"Long";9,9871419962119;10,6327205882353;11,3458127525819;11,611;12,8389130434783;"STOC-rozo"
"ACRSCI";2003;"AD";"Long";10,534882177232;10,7573529411765;11,2450614574188;11,4407852044127;12,1430769230769;"Aquatique"
"ACRSCI";2004;"AD";"Long";10,4910447761194;11,0820895522388;11,7652864708714;12,3596082089552;12,375;"Aquatique"
"ACRSCI";2005;"AD";"Long";9,84021739130435;10,3052568042142;10,7160130718954;11,349652115363;12,6235465116279;"Aquatique"
"ACRSCI";2006;"AD";"Long";9,97122302158273;10,5217391304348;11;11,587786259542;13,4760996001454;"Aquatique"
"ACRSCI";2007;"AD";"Long";9,93233082706767;10,8358208955224;11,2558139534884;11,7096774193548;13,6071428571429;"Aquatique"
"ACRSCI";2008;"AD";"Long";9,95676691729323;10,6764705882353;11,2444444444444;11,9058823529412;14,5692708333333;"Aquatique"
"ACRSCI";2009;"AD";"Long";9,85074626865672;10,6764705882353;11,0418468748644;11,5238095238095;13,40625;"Aquatique"
"ACRSCI";2010;"AD";"Long";9,84350307287094;10,6615384615385;11,1692307692308;12;13,6715570494186;"Aquatique"
"ACRSCI";2011;"AD";"Long";9,71681855840928;10,6764705882353;11,1692307692308;11,6470588235294;14,2005912162162;"Aquatique"
"ACRSCI";2012;"AD";"Long";10;10,8703593486805;11,3581395348837;11,729347826087;13,8963878326996;"Aquatique"
"ACRSCI";2013;"AD";"Long";9,98057553956835;10,6764705882353;11,2529069767442;11,6322406825326;13,91875;"Aquatique"
"ACRSCI";2014;"AD";"Long";9,76178823529412;10,75;11,2251968503937;11,6197183098592;13,1188479427549;"Aquatique"
"ACRSCI";2015;"AD";"Long";10;10,516583158235;11;11,6769230769231;14,1973880597015;"Aquatique"
"ACRSCI";2016;"AD";"Long";9,92481203007519;10,794464494071;11,1654135338346;11,8764589608434;13,8067305061559;"Aquatique"
"ACRSCI";2017;"AD";"Long";9,65234521575985;10,6691729323308;11,1654135338346;11,9307692307692;13,921875;"Aquatique"
"ACRSCI";2018;"AD";"Long";9,95;10,75;11,285049833887;11,9205198034456;13,7721619308456;"Aquatique"
"ACRSCI";2019;"AD";"Long";9,85074626865672;10,6418604651163;11,1692307692308;11,587786259542;13,1361290322581;"Aquatique"
"ACRSCI";2006;"JUV";"Long";11;11;11;11;11;"Aquatique"
"ACRSCI";2007;"JUV";"Long";10,3593023255814;10,623046875;10,9537037037037;11,5912698412698;13,9054330065359;"Aquatique"
"ACRSCI";2008;"JUV";"Long";10,6716417910448;10,7929104477612;11,1567164179104;11,5325566822377;11,9862595419847;"Aquatique"
"ACRSCI";2009;"JUV";"Long";10,694781629333;10,9580152671756;11,171875;11,6211208893006;12,8157480314961;"Aquatique"
"ACRSCI";2010;"JUV";"Long";9,61612215909091;10,6360294117647;11;11,0975609756098;13,0716911764706;"Aquatique"
"ACRSCI";2011;"JUV";"Long";9,87896825396825;10,5753968253968;10,9593023255814;11,1512550756737;11,3294112218531;"Aquatique"
"ACRSCI";2012;"JUV";"Long";10,92;10,92;10,92;10,92;10,92;"Aquatique"
"ACRSCI";2014;"JUV";"Long";10,7459677419355;10,7459677419355;10,7459677419355;10,7459677419355;10,7459677419355;"Aquatique"
"ACRSCI";2015;"JUV";"Long";10,3509514435696;10,4622703412073;10,5859580052493;10,7096456692913;10,8209645669291;"Aquatique"
"ACRSCI";2016;"JUV";"Long";9,31731343283582;11,44;11,7213114754098;11,96;13;"Aquatique"
"ACRSCI";2017;"JUV";"Long";9,62;10,4938556067588;11,001968503937;11,3372093023256;12,6711893062178;"Aquatique"
"ACRSCI";2018;"JUV";"Long";9,70664884240216;10,1899253731343;10,6918604651163;11,5970672123016;12,4376953125;"Aquatique"
"ACRSCI";2019;"JUV";"Long";10,8014705882353;10,8014705882353;10,8014705882353;10,8014705882353;10,8014705882353;"Aquatique"
