"YEAR";"HABITAT";"CIinf";"CIquart_inf";"med";"CIquart_sup";"CIsup";"ESPECE"
1990;"Terrestre";1,65411764705882;5,74117647058824;8,37745098039216;10,875;14,5875;"ACRSCI"
1991;"Terrestre";1,22441860465116;1,78180574555404;4,41176470588235;5,97058823529412;6,765625;"ACRSCI"
1992;"Terrestre";0,7725;1,90714285714286;3,83928571428571;5,44811320754717;18,101179245283;"ACRSCI"
1993;"Terrestre";1,0171875;1,734375;3,14285714285714;7,29761904761905;15,4297619047619;"ACRSCI"
1994;"Terrestre";2,35178571428571;3,26785714285714;4,28571428571429;9,64285714285714;14,4642857142857;"ACRSCI"
1995;"Terrestre";1,00344827586207;1,03448275862069;3,75;5,71428571428571;32,0714285714286;"ACRSCI"
1996;"Terrestre";0,905769230769231;2,30769230769231;10,5714285714286;17,9310344827586;25,4181034482759;"ACRSCI"
1997;"Terrestre";0,778125;1,30208333333333;5,86206896551724;13,23055028463;23,2352941176471;"ACRSCI"
1998;"Terrestre";1,74679487179487;2,41826923076923;3,375;9;22,1145833333333;"ACRSCI"
1999;"Terrestre";7,55892857142857;8,08928571428572;11,3095238095238;16,0625;20,73125;"ACRSCI"
2000;"Terrestre";1,67004048582996;3,3021978021978;8,94930875576037;14,4032258064516;29,2604166666667;"ACRSCI"
2001;"Terrestre";0,826923076923077;1,37692307692308;2,30769230769231;8,78571428571428;21,375;"ACRSCI"
2002;"Terrestre";0,791208791208791;1,62280701754386;2,77777777777778;6,16666666666667;19,6666666666667;"ACRSCI"
2003;"Terrestre";1,64224137931034;2,67142857142857;5,71428571428571;15,3333333333333;33,7152777777778;"ACRSCI"
2004;"Terrestre";1,15333333333333;2,17194570135747;5,38461538461538;9,125;27,125;"ACRSCI"
2005;"Terrestre";1,335;3,83603238866397;9;14,2307692307692;29;"ACRSCI"
2006;"Terrestre";1,57916666666667;4,17763157894737;9;15;31,4041666666666;"ACRSCI"
2007;"Terrestre";1,30961538461538;3,11842105263158;7,69736842105263;15,6333333333333;36,40625;"ACRSCI"
2008;"Terrestre";1,59807692307692;3,75;6,16666666666667;12,75;26,1719298245614;"ACRSCI"
2009;"Terrestre";0,942776735459662;2,30769230769231;3;11,3333333333333;23,6666666666667;"ACRSCI"
2010;"Terrestre";1,395;2,57352941176471;3;7,66304347826087;22,0848484848485;"ACRSCI"
2011;"Terrestre";1,1515306122449;2,97463768115942;3,85714285714286;10,625;30,275;"ACRSCI"
2012;"Terrestre";1,30633223684211;2,875;3,27380952380952;8,04545454545454;22,0382882882883;"ACRSCI"
2013;"Terrestre";0,986498257839721;2,5;3,21428571428571;6;22,9375;"ACRSCI"
2014;"Terrestre";1,70352564102564;2,875;3,44793435200905;9,16666666666667;25,7083333333333;"ACRSCI"
2015;"Terrestre";1,275;2,79878048780488;4,5;10,2777777777778;19,7291666666667;"ACRSCI"
2016;"Terrestre";1,08816964285714;2,35714285714286;5,5;10,75;16,0416666666667;"ACRSCI"
1989;"Terrestre";5,4;5,4;5,4;5,4;5,4;"AEGCAU"
1990;"Terrestre";0,628571428571429;0,883116883116883;1,5;2,22352941176471;3,45705882352941;"AEGCAU"
1991;"Terrestre";0,842272727272727;1,22272727272727;1,61931818181818;1,99448529411765;2,31709558823529;"AEGCAU"
1992;"Terrestre";1,20905660377359;1,29056603773585;2,37466307277628;3,69642857142857;4,41964285714286;"AEGCAU"
1993;"Terrestre";0,770833333333333;1,73310810810811;2,93050193050193;4,60714285714286;5,29166666666667;"AEGCAU"
1994;"Terrestre";0,724468085106383;1,5;2,14285714285714;2,30769230769231;3,47076923076923;"AEGCAU"
1995;"Terrestre";0,608403361344538;0,789915966386555;1,11038961038961;1,49147727272727;1,83664772727273;"AEGCAU"
1996;"Terrestre";0,971428571428571;1,71428571428571;1,71428571428571;2,25;3,0671052631579;"AEGCAU"
1997;"Terrestre";0,940524193548387;0,967741935483871;1,66666666666667;2,06896551724138;3,58189655172414;"AEGCAU"
1998;"Terrestre";1,234375;1,98317307692308;3,02884615384615;4,3125;4,9375;"AEGCAU"
1999;"Terrestre";0,871428571428572;1;1,48936170212766;7,5;21;"AEGCAU"
2000;"Terrestre";1,44746543778802;2,90322580645161;3;3,15789473684211;4,33706606942889;"AEGCAU"
2001;"Terrestre";0,807692307692308;1,734375;2,15384615384615;3,75;6,61607142857143;"AEGCAU"
2002;"Terrestre";0,679086538461539;1,41148325358852;2,75;3,29306722689076;9,54166666666667;"AEGCAU"
2003;"Terrestre";0,699311639549437;2,07142857142857;3;8,45238095238095;10,7451923076923;"AEGCAU"
2004;"Terrestre";1,125;1,66666666666667;2,61363636363636;4,125;6,12132352941176;"AEGCAU"
2005;"Terrestre";0,930555555555556;2,60869565217391;3,33333333333333;5,19230769230769;19,9411764705882;"AEGCAU"
2006;"Terrestre";1,15178571428571;2,22527472527473;3;4,90384615384615;11,4375;"AEGCAU"
2007;"Terrestre";1,13615384615385;2,22527472527473;3,6;8,69747899159664;18,1;"AEGCAU"
2008;"Terrestre";1,65;3,15789473684211;5;8,57142857142857;16,5;"AEGCAU"
2009;"Terrestre";1,06483516483516;2,14285714285714;4,6875;6,31578947368421;10,6;"AEGCAU"
2010;"Terrestre";1,40199637023593;2,67045454545455;3,8;5,25;10,7386363636364;"AEGCAU"
2011;"Terrestre";1,4;2,5;3,21428571428571;6,66666666666667;14,8705882352941;"AEGCAU"
2012;"Terrestre";1,55723684210526;2,66671457315321;4,72142857142857;8,76923076923077;14,275;"AEGCAU"
2013;"Terrestre";1,41241610738255;2,5;3,33333333333333;5,45454545454546;14,25;"AEGCAU"
2014;"Terrestre";1,98464912280702;3,53365384615385;4,91935483870968;7,8;12,5823529411765;"AEGCAU"
2015;"Terrestre";1,9;3;4,28571428571429;6;25,9285714285715;"AEGCAU"
2016;"Terrestre";1,984375;2,5;3;3,32142857142857;11,281914893617;"AEGCAU"
1989;"Terrestre";1,5;1,5;1,5;1,5;1,5;"CARCHL"
1990;"Terrestre";0,76875;0,9375;0,9375;1,17647058823529;2,14264705882353;"CARCHL"
1991;"Terrestre";1,77297794117647;1,84742647058824;2,25;2,65056818181818;2,71960227272727;"CARCHL"
1992;"Terrestre";0,568584905660377;0,591509433962264;0,9;1,32857142857143;1,67571428571429;"CARCHL"
1993;"Terrestre";1,5375;1,875;2,5;3,375;4,3875;"CARCHL"
1994;"Terrestre";0,617142857142857;0,771428571428571;0,942857142857143;1,11428571428571;1,26857142857143;"CARCHL"
1995;"Terrestre";0,615073529411765;0,856617647058824;1,125;1,5625;1,95625;"CARCHL"
1996;"Terrestre";0,9;1;1,57894736842105;1,73076923076923;4,03021978021978;"CARCHL"
1998;"Terrestre";1,66666666666667;1,66666666666667;1,66666666666667;1,66666666666667;1,66666666666667;"CARCHL"
1999;"Terrestre";1,85892857142857;3,16071428571429;4,60714285714286;6,05357142857143;7,35535714285714;"CARCHL"
2000;"Terrestre";0,664753639417693;0,840225563909774;0,952620967741935;1,81891025641026;2,83958333333333;"CARCHL"
2001;"Terrestre";1,59924812030075;1,85714285714286;2,30769230769231;2,97894736842105;3,30701754385965;"CARCHL"
2002;"Terrestre";0,857142857142857;1,25;1,7156862745098;2,44444444444444;8,67559523809523;"CARCHL"
2003;"Terrestre";0,953571428571429;1,80555555555556;2,45;4,04761904761905;15,6875;"CARCHL"
2004;"Terrestre";1,11881868131868;1,70238095238095;2,40384615384615;4,46428571428571;8,67857142857143;"CARCHL"
2005;"Terrestre";0,908333333333333;2,5;3,21428571428571;4,45054945054945;5,99025974025974;"CARCHL"
2006;"Terrestre";1,23333333333333;1,93681318681319;3,75;7,08333333333333;8,6875;"CARCHL"
2007;"Terrestre";0,921428571428571;1,28181818181818;2,5;4,08333333333333;6,23571428571429;"CARCHL"
2008;"Terrestre";0,907142857142857;1,83333333333333;2,5;3,16666666666667;3,9125;"CARCHL"
2009;"Terrestre";0,891216216216216;2,22916666666667;3;3,67788461538462;7,5;"CARCHL"
2010;"Terrestre";0,932352941176471;2,16964285714286;2,5;3,11842105263158;12,253125;"CARCHL"
2011;"Terrestre";1,86281859070465;2,78846153846154;3,07894736842105;4,715625;5,78125;"CARCHL"
2012;"Terrestre";1,1484375;1,96875;2,5;3,08333333333333;5,26119402985075;"CARCHL"
2013;"Terrestre";1,09583333333333;2,61880165289256;4,14285714285714;5,85533869115959;8,71205357142857;"CARCHL"
2014;"Terrestre";1,62259615384615;1,96774193548387;2,72727272727273;3,98026315789474;4,875;"CARCHL"
2015;"Terrestre";1,584375;2,4375;4,01785714285714;5,10127931769723;6,39393939393939;"CARCHL"
2016;"Terrestre";3;3;3;3;3;"CARCHL"
1990;"Terrestre";1,42329545454545;1,96022727272727;2,55681818181818;3,15340909090909;3,69034090909091;"CERYLA"
1991;"Terrestre";1,875;1,875;1,875;1,875;1,875;"CERYLA"
1992;"Terrestre";0,708333333333333;1,08333333333333;1,5;2,390625;3,1921875;"CERYLA"
1993;"Terrestre";0,612745098039216;0,833333333333333;0,9375;1,33333333333333;1,93333333333333;"CERYLA"
1994;"Terrestre";0,656602002503129;0,821339173967459;0,909926470588235;0,959535256410256;1,01903044871795;"CERYLA"
1995;"Terrestre";0,715056818181818;1,01420454545455;1,5;2,03125;2,453125;"CERYLA"
1996;"Terrestre";0,642410714285714;0,799107142857143;0,873015873015873;1,04166666666667;1,45416666666667;"CERYLA"
1997;"Terrestre";1,07589285714286;1,11607142857143;1,16071428571429;1,20535714285714;1,24553571428571;"CERYLA"
1998;"Terrestre";0,502840909090909;0,9375;1;1,5;3,15;"CERYLA"
1999;"Terrestre";2,00859375;2,0859375;2,171875;2,2578125;2,33515625;"CERYLA"
2000;"Terrestre";1,01538461538462;1,15384615384615;1,25;1,25;6,875;"CERYLA"
2001;"Terrestre";0,784615384615385;1,15178571428571;1,64661654135338;2,66826923076923;8,90625;"CERYLA"
2002;"Terrestre";0,4875;1;1,53846153846154;2;4,78571428571428;"CERYLA"
2003;"Terrestre";0,693009118541033;1,1;1,5;2,25;4;"CERYLA"
2004;"Terrestre";0,766666666666667;1,51973684210526;2,15384615384615;3,64583333333333;6,18749999999999;"CERYLA"
2005;"Terrestre";1;1,62280701754386;2,14285714285714;2,5625;3,80357142857143;"CERYLA"
2006;"Terrestre";1,08125;1,75;2,07142857142857;3,11842105263158;4,11160714285714;"CERYLA"
2007;"Terrestre";0,865530303030303;1,6169028340081;2,27142857142857;3,33333333333333;5,575;"CERYLA"
2008;"Terrestre";1,115;1,66666666666667;2;4,07142857142857;9,159375;"CERYLA"
2009;"Terrestre";1,13853658536585;1,57894736842105;2;2,14285714285714;5,23636363636364;"CERYLA"
2010;"Terrestre";0,765759698275862;1,60087719298246;2,40384615384615;3;4,95;"CERYLA"
2011;"Terrestre";1,66666666666667;1,75831202046036;2,22527472527473;3;4,73214285714286;"CERYLA"
2012;"Terrestre";1,1375;2,15384615384615;2,5;3,33333333333333;7,15714285714285;"CERYLA"
2013;"Terrestre";0,911370056497175;1,49533195020747;2,32142857142857;2,92164179104478;6,92857142857143;"CERYLA"
2014;"Terrestre";1,54583333333333;1,96875;2,48571428571429;2,79545454545455;4,20714285714286;"CERYLA"
2015;"Terrestre";1,22142857142857;2,5;3,33333333333333;3,90756302521008;7,53;"CERYLA"
2016;"Terrestre";3,33333333333333;3,33333333333333;3,33333333333333;3,33333333333333;3,33333333333333;"CERYLA"
1989;"Terrestre";1,2;1,2;1,2;1,2;1,2;"DENMAJ"
1990;"Terrestre";0,589117647058824;0,597058823529412;0,8;1,1015625;1,37578125;"DENMAJ"
1991;"Terrestre";0,599933155080214;0,745738636363636;1,35110294117647;1,84742647058824;2,334375;"DENMAJ"
1992;"Terrestre";0,615;0,75;0,9;1,05;1,185;"DENMAJ"
1993;"Terrestre";0,681081081081081;0,810810810810811;0,9375;1,5;5,55;"DENMAJ"
1994;"Terrestre";0,63375;0,9375;1,03448275862069;1,53846153846154;1,84134615384615;"DENMAJ"
1995;"Terrestre";0,668939393939394;0,715909090909091;0,833333333333333;0,897321428571429;3,328125;"DENMAJ"
1996;"Terrestre";0,7640625;0,890625;0,985991379310345;1,71336206896552;3,54633620689655;"DENMAJ"
1997;"Terrestre";0,7640625;0,890625;1,06875;1,8375;3,55875;"DENMAJ"
1998;"Terrestre";0,76875;0,9375;1,4375;2,34375;3,609375;"DENMAJ"
1999;"Terrestre";1,065625;1,65625;4,6875;8,4375;10,96875;"DENMAJ"
2000;"Terrestre";0,657801418439716;0,833333333333333;0,9375;1,2;3,495;"DENMAJ"
2001;"Terrestre";0,690625;1,1875;2,30769230769231;2,3974358974359;3,56041666666667;"DENMAJ"
2002;"Terrestre";0,83125;2;2,5;2,5;2,875;"DENMAJ"
2003;"Terrestre";0,664484451718494;1;1,2;2,5;3,6;"DENMAJ"
2004;"Terrestre";1,2;1,46634615384615;1,88235294117647;2,625;6,49264705882353;"DENMAJ"
2005;"Terrestre";0,925;1,4375;1,88235294117647;2,14285714285714;4,03125;"DENMAJ"
2006;"Terrestre";0,977142857142857;1,53947368421053;1,875;2,5625;4,96875;"DENMAJ"
2007;"Terrestre";1,01762820512821;1,66666666666667;2,14285714285714;3;6,0625;"DENMAJ"
2008;"Terrestre";1,3275;1,79227941176471;2,22527472527473;3;5,15;"DENMAJ"
2009;"Terrestre";1,06;1,875;2,5;4,5;7,4;"DENMAJ"
2010;"Terrestre";1,19561688311688;1,57894736842105;2,07142857142857;3;6,76875;"DENMAJ"
2011;"Terrestre";1,09118037135279;1,70238095238095;2,75;3;5,54403409090909;"DENMAJ"
2012;"Terrestre";1,19951923076923;1,66666666666667;2,22527472527473;3,33333333333333;4,42;"DENMAJ"
2013;"Terrestre";0,876016260162602;1,66666666666667;2;3;4,87700534759358;"DENMAJ"
2014;"Terrestre";1,05924916107383;1,66836734693878;2;2,70161290322581;4,82692307692308;"DENMAJ"
2015;"Terrestre";0,9375;1,875;2,27534148094896;3;5,05;"DENMAJ"
2016;"Terrestre";1,02790178571429;1,84151785714286;2,73809523809524;3,33333333333333;3,33333333333333;"DENMAJ"
1989;"Terrestre";2,415;2,55;2,7;2,85;2,985;"EMBCIT"
1990;"Terrestre";0,772727272727273;1,95909090909091;2,15686274509804;2,59375;3;"EMBCIT"
1991;"Terrestre";0,746590909090909;1,2125;1,67151162790698;2,09825581395349;3,10033783783784;"EMBCIT"
1992;"Terrestre";0,840686274509804;0,941176470588235;1,2;2,13636363636364;2,73153409090909;"EMBCIT"
1993;"Terrestre";0,660294117647059;1,25;1,47747747747748;1,8359375;10,31015625;"EMBCIT"
1994;"Terrestre";0,770769230769231;0,784615384615385;0,8;0,917241379310345;1,02275862068966;"EMBCIT"
1995;"Terrestre";0,602272727272727;0,858150470219436;1,875;2,25;6,75;"EMBCIT"
1996;"Terrestre";0,691666666666667;0,916666666666667;1,07692307692308;2,40950226244344;5,79977375565611;"EMBCIT"
1997;"Terrestre";1,95216907675195;2,22136699507389;2,73928571428571;2,809375;3,6328125;"EMBCIT"
1998;"Terrestre";1,83333333333333;3,11538461538462;3,60576923076923;4,6875;7,1875;"EMBCIT"
1999;"Terrestre";1,07021276595745;1,70212765957447;3,33333333333333;3,75;7,125;"EMBCIT"
2000;"Terrestre";0,912151702786378;1,20065789473684;2,06074124914207;4,69615384615385;13,845;"EMBCIT"
2001;"Terrestre";1,15384615384615;1,38221153846154;1,78947368421053;3,125;4,09375;"EMBCIT"
2002;"Terrestre";0,833333333333333;1,125;1,66666666666667;2,61363636363636;8,04166666666667;"EMBCIT"
2003;"Terrestre";0,723717146433041;1,38947368421053;2;3,46153846153846;4,75;"EMBCIT"
2004;"Terrestre";0,684042553191489;1,62280701754386;2,5;4,64285714285714;7,775;"EMBCIT"
2005;"Terrestre";0,953525641025641;1,27826086956522;2,77777777777778;4,25;6;"EMBCIT"
2006;"Terrestre";1,065;1,55852994555354;2,91149068322981;3,97222222222222;13,125;"EMBCIT"
2007;"Terrestre";1,69927536231884;2,38421052631579;3;5,88461538461538;9,55;"EMBCIT"
2008;"Terrestre";1,1;2;3,33333333333333;4,61538461538461;9,75;"EMBCIT"
2009;"Terrestre";0,881756756756757;1,64473684210526;2,83333333333333;5,19230769230769;9;"EMBCIT"
2010;"Terrestre";1,40045766590389;2,07142857142857;2,5;3,2183908045977;6;"EMBCIT"
2011;"Terrestre";1,44791666666667;2,18390804597701;3;3,9035964035964;7,225;"EMBCIT"
2012;"Terrestre";1,27321428571429;2,07142857142857;3;4,58333333333333;7,65277777777778;"EMBCIT"
2013;"Terrestre";1,52763157894737;2;2,5;3,875;11;"EMBCIT"
2014;"Terrestre";1,46370967741935;2,01715137956749;3;3,66666666666667;7,75;"EMBCIT"
2015;"Terrestre";1,69419642857143;2,00625;3;4,15178571428571;8,37499999999999;"EMBCIT"
1989;"Terrestre";1,645;2,05;2,5;2,95;3,355;"ERIRUB"
1990;"Terrestre";0,620588235294118;0,857142857142857;1,25;4,4;4,98039215686275;"ERIRUB"
1991;"Terrestre";0,794331395348837;2,13682432432432;2,8125;3,95441176470588;5,67058823529412;"ERIRUB"
1992;"Terrestre";0,643382352941177;1,20941558441558;1,97641509433962;3,253125;4,25375;"ERIRUB"
1993;"Terrestre";0,838690476190476;1,33333333333333;2,49072602013778;4,5546875;15,075;"ERIRUB"
1994;"Terrestre";1,08076923076923;1,80371352785146;2,75;5,12127659574468;7,305;"ERIRUB"
1995;"Terrestre";1,03571428571429;2,66666666666667;3,10344827586207;5,29411764705882;11,6818181818182;"ERIRUB"
1996;"Terrestre";1,03526785714286;2,45404411764706;3,22916666666667;4,61538461538461;5,94102564102564;"ERIRUB"
1997;"Terrestre";0,942792338709677;1,36693548387097;2,73809523809524;3,77232142857143;5,220625;"ERIRUB"
1998;"Terrestre";1,13333333333333;1,92307692307692;2,72727272727273;3,75;12,962962962963;"ERIRUB"
1999;"Terrestre";1,10714285714286;1,78306878306878;2,12765957446809;6,40625;20,25;"ERIRUB"
2000;"Terrestre";0,430769230769231;1,5;1,8;3,4375;16,8333333333333;"ERIRUB"
2001;"Terrestre";1,14545454545455;2;3,75;6,25;9;"ERIRUB"
2002;"Terrestre";0,956818181818182;2,23214285714286;3,24561403508772;5,75;10,2375;"ERIRUB"
2003;"Terrestre";1,00580495356037;2;3,58974358974359;5,25;8,1875;"ERIRUB"
2004;"Terrestre";1,25265957446809;2,4;3,6;5,71428571428571;11,3846153846154;"ERIRUB"
2005;"Terrestre";1,11217948717949;2,18406593406593;4,0625;5,4144385026738;9,31666666666667;"ERIRUB"
2006;"Terrestre";1,5;2,5;3,46153846153846;5;7,5;"ERIRUB"
2007;"Terrestre";1,45;2,5;4;6;11,4;"ERIRUB"
2008;"Terrestre";1,5668016194332;2,66666666666667;4;6;13,3660714285714;"ERIRUB"
2009;"Terrestre";1,51538461538462;2,5;4;6;10,6;"ERIRUB"
2010;"Terrestre";1,275;3;4,04761904761905;6;9,703125;"ERIRUB"
2011;"Terrestre";1,11048557353976;3;5;6,81818181818182;13,5692307692308;"ERIRUB"
2012;"Terrestre";1,11607142857143;2,9375;3,86752136752137;5;8,1177536231884;"ERIRUB"
2013;"Terrestre";1,12325783972125;2,5;4,5;6,54761904761905;11,8;"ERIRUB"
2014;"Terrestre";1,38951612903226;2,5;3,75;6;8,33653846153846;"ERIRUB"
2015;"Terrestre";1,65;3;5;6,66666666666667;19,8333333333333;"ERIRUB"
2016;"Terrestre";2,08125;3,33333333333333;4,6875;6,68300653594771;8,86785714285714;"ERIRUB"
1989;"Terrestre";1,2;1,2;1,2;1,2;1,2;"FRICOE"
1990;"Terrestre";0,620588235294118;1,2;1,21212121212121;2,1875;3,99107142857143;"FRICOE"
1991;"Terrestre";0,822845417236662;1,36363636363636;1,5;1,8;2,10472972972973;"FRICOE"
1992;"Terrestre";0,55;0,909090909090909;1,13207547169811;1,25;2,45098039215686;"FRICOE"
1993;"Terrestre";0,984375;1,29166666666667;1,38888888888889;1,69594594594595;5,38378378378378;"FRICOE"
1994;"Terrestre";0,707630227439472;1,38362068965517;1,78235294117647;2,17548076923077;3,83846153846154;"FRICOE"
1995;"Terrestre";0,702317290552585;1,03448275862069;2,75;3,75;9,75;"FRICOE"
1996;"Terrestre";0,873214285714286;1;2,25;2,57142857142857;3,31372549019608;"FRICOE"
1997;"Terrestre";0,798214285714286;1,13571428571429;1,25;1,41741071428571;1,85944700460829;"FRICOE"
1998;"Terrestre";0,553030303030303;1,18055555555556;1,33333333333333;2,52130681818182;5,32670454545454;"FRICOE"
1999;"Terrestre";0,709219858156028;1,49305555555556;2,5;3,80357142857143;6,95357142857143;"FRICOE"
2000;"Terrestre";1,01117021276596;1,13134206219313;1,28676470588235;3,18888888888889;7,15972222222222;"FRICOE"
2001;"Terrestre";1,18028846153846;1,88461538461538;2,75;3,75;5,76071428571428;"FRICOE"
2002;"Terrestre";1,02;1,89473684210526;2,53571428571429;3,05357142857143;8,28124999999999;"FRICOE"
2003;"Terrestre";0,872899159663866;1,34206219312602;2,5;4,90384615384615;7,5;"FRICOE"
2004;"Terrestre";1,12438625204583;1,77978883861237;3;4;6,225;"FRICOE"
2005;"Terrestre";1,13076923076923;2,27142857142857;3,15789473684211;5;7,875;"FRICOE"
2006;"Terrestre";0,967857142857143;1,82291666666667;3,07894736842105;5,625;8,50961538461538;"FRICOE"
2007;"Terrestre";1,06071428571429;2;2,5;3,83152173913043;6,09473684210526;"FRICOE"
2008;"Terrestre";1,2525;2,1243842364532;2,68716577540107;5;8,73749999999999;"FRICOE"
2009;"Terrestre";1,2025;2,20867208672087;3;5;7,45833333333333;"FRICOE"
2010;"Terrestre";0,901260504201681;2;3;5;11,5875;"FRICOE"
2011;"Terrestre";1,44347368421053;2,08743842364532;2,95161290322581;4,90384615384615;8,975;"FRICOE"
2012;"Terrestre";1,09210526315789;2,48724489795918;3,34498834498834;5,25;11,775;"FRICOE"
2013;"Terrestre";1,05892857142857;1,875;3,08940397350993;4,75746268656716;9,52499999999999;"FRICOE"
2014;"Terrestre";1,14454094292804;2,27142857142857;3;4,04545454545454;6,75520833333333;"FRICOE"
2015;"Terrestre";1,4875;2,5;2,92857142857143;3,33333333333333;10,046875;"FRICOE"
2016;"Terrestre";1,67763157894737;2,78571428571429;3,33333333333333;3,81893382352941;10,2488839285714;"FRICOE"
1989;"Terrestre";1,2;1,2;1,2;1,2;1,2;"GARGLA"
1990;"Terrestre";0,890625;1,14375;1,5;1,81363636363636;2,68821022727273;"GARGLA"
1991;"Terrestre";0,634117647058824;1,04705882352941;1,48235294117647;1,79227941176471;1,86672794117647;"GARGLA"
1992;"Terrestre";0,6253125;0,853125;1,03478773584906;1,14905660377358;1,19490566037736;"GARGLA"
1993;"Terrestre";0,596078431372549;0,666666666666667;0,810810810810811;0,833333333333333;5,48333333333334;"GARGLA"
1994;"Terrestre";0,886156186612576;0,920385395537525;0,95841784989858;0,996450304259635;1,03067951318458;"GARGLA"
1995;"Terrestre";0,942349137931034;0,985991379310345;1,03448275862069;4,26724137931035;7,17672413793104;"GARGLA"
1996;"Terrestre";0,672916666666667;0,729166666666667;0,84375;0,991586538461538;1,13762019230769;"GARGLA"
1997;"Terrestre";0,944196428571429;1,00446428571429;1,07142857142857;1,28571428571429;1,47857142857143;"GARGLA"
1998;"Terrestre";0,777083333333333;1,02083333333333;1,49305555555556;2,34375;3,609375;"GARGLA"
1999;"Terrestre";1,1015625;2,578125;4,21875;5,859375;7,3359375;"GARGLA"
2000;"Terrestre";0,798387096774194;0,878607809847199;0,967741935483871;1,08387096774194;1,18838709677419;"GARGLA"
2001;"Terrestre";0,79020979020979;1,05454545454545;1,25;1,25;1,8875;"GARGLA"
2002;"Terrestre";0,642410714285714;0,799107142857143;1,42857142857143;2,125;2,4625;"GARGLA"
2003;"Terrestre";0,86218487394958;1,11111111111111;1,66666666666667;2,14285714285714;3,26923076923077;"GARGLA"
2004;"Terrestre";1;1,33223684210526;2,00735294117647;2,875;9,575;"GARGLA"
2005;"Terrestre";0,756521739130435;1,2;2;2,5;3,76428571428571;"GARGLA"
2006;"Terrestre";1,08170914542729;1,51029748283753;1,77083333333333;2,79545454545455;4,65;"GARGLA"
2007;"Terrestre";1,24300699300699;1,69117647058824;2,14285714285714;2,5;6,4375;"GARGLA"
2008;"Terrestre";0,890625;2,22527472527473;2,85714285714286;3;4,45;"GARGLA"
2009;"Terrestre";0,767303889255109;1,58333333333333;2;2,86363636363636;4,9875;"GARGLA"
2010;"Terrestre";1,28571428571429;2,14285714285714;2,5;3;6,28571428571429;"GARGLA"
2011;"Terrestre";1,6;1,875;2,72727272727273;3,52941176470588;6,88;"GARGLA"
2012;"Terrestre";1,25;2;2,72727272727273;3,33333333333333;6,33333333333333;"GARGLA"
2013;"Terrestre";0,78760162601626;1,84659090909091;2,14285714285714;3;6,8;"GARGLA"
2014;"Terrestre";1,24251152073733;1,875;2,5;3;5,37692307692308;"GARGLA"
2015;"Terrestre";1,39285714285714;2,22222222222222;3;3;3,78461538461539;"GARGLA"
2016;"Terrestre";0,985608552631579;1,41858552631579;1,8609022556391;2,35714285714286;2,93571428571429;"GARGLA"
1989;"Terrestre";1,5375;1,875;2,25;2,625;2,9625;"HIPPOL"
1990;"Terrestre";0,676470588235294;1,68198529411765;2,4;3,25;4,85;"HIPPOL"
1991;"Terrestre";2,05377906976744;2,28106831395349;3;3,58455882352941;4,29595588235294;"HIPPOL"
1992;"Terrestre";0,976875;1,35;2,57142857142857;3,26363636363636;4,21285714285714;"HIPPOL"
1993;"Terrestre";0,695833333333333;1,54166666666667;1,91789215686275;2,80357142857143;25,3625;"HIPPOL"
1994;"Terrestre";0,912683823529412;1,32247340425532;1,95744680851064;2,75;3,109375;"HIPPOL"
1995;"Terrestre";0,692045454545455;1,25735294117647;2,22222222222222;2,76190476190476;9,99107142857143;"HIPPOL"
1996;"Terrestre";0,984375;2,01736111111111;3,36507936507937;4,62406015037594;5,30364372469636;"HIPPOL"
1997;"Terrestre";1,00257352941176;3,27573529411765;5,45882352941176;6,975;7,4475;"HIPPOL"
1998;"Terrestre";1,24895833333333;2,36458333333333;3,24603174603175;3,74725274725275;3,83626373626374;"HIPPOL"
1999;"Terrestre";0,969224924012158;1,07522796352584;1,19300911854103;1,31079027355623;1,41679331306991;"HIPPOL"
2000;"Terrestre";0,958476321207962;0,967741935483871;3,71428571428571;4;4,55384615384615;"HIPPOL"
2001;"Terrestre";1,04375;1,5625;2,2967032967033;2,49746963562753;5,45480769230769;"HIPPOL"
2002;"Terrestre";0,9775;2,28571428571429;4,28571428571429;5;13,08;"HIPPOL"
2003;"Terrestre";0,946703296703297;1,68600795755968;2,92857142857143;5,47058823529412;10,2341666666667;"HIPPOL"
2004;"Terrestre";1,03846153846154;2,18406593406593;3,33613445378151;6,96078431372549;13,3173076923077;"HIPPOL"
2005;"Terrestre";1,5187969924812;2,4;3,46153846153846;5,38461538461539;16,5897435897436;"HIPPOL"
2006;"Terrestre";1,32291666666667;2,34210526315789;4,73626373626374;6,1875;17,9807692307692;"HIPPOL"
2007;"Terrestre";1,10384615384615;2,10714285714286;3,875;7,03125;14,6931818181818;"HIPPOL"
2008;"Terrestre";1,34375;2,30769230769231;3;6,1875;10,3365384615385;"HIPPOL"
2009;"Terrestre";0,794990112063283;2,30769230769231;4;6,42857142857143;13,4461538461539;"HIPPOL"
2010;"Terrestre";1,64732142857143;2,67045454545455;3,875;6,66666666666667;17,225;"HIPPOL"
2011;"Terrestre";1,482;2,14285714285714;4,33333333333333;8;27,1923076923077;"HIPPOL"
2012;"Terrestre";1,56315789473684;3;4,28571428571429;7,66666666666667;19,174358974359;"HIPPOL"
2013;"Terrestre";1,22713414634146;2,75974025974026;4,14285714285714;8,07738095238095;16,2980769230769;"HIPPOL"
2014;"Terrestre";1,25669642857143;2,5;4;6,06060606060606;17,6397435897436;"HIPPOL"
2015;"Terrestre";2,08571428571429;3;5,33333333333333;7;11,2;"HIPPOL"
2016;"Terrestre";1,59642857142857;2,32142857142857;4,5;7,16312056737589;11,7739361702128;"HIPPOL"
1989;"Terrestre";1,2;1,2;1,2;1,2;1,2;"LUSMEG"
1990;"Terrestre";0,705;2,4;3,85714285714286;5,15625;17,8588235294118;"LUSMEG"
1991;"Terrestre";0,771818181818182;1,87922297297297;4,24418604651163;6,81755514705882;11,2411764705882;"LUSMEG"
1992;"Terrestre";0,583333333333333;1,05698529411765;2,72727272727273;4,34299191374663;10,5;"LUSMEG"
1993;"Terrestre";0,638314785373609;1,46875;1,9375;5,25;11,9375;"LUSMEG"
1994;"Terrestre";0,718404255319149;1,48294203961849;1,9375;5,44642857142857;5,603125;"LUSMEG"
1995;"Terrestre";1,05078125;1,48082386363636;4,4237012987013;7,20238095238095;7,46527777777778;"LUSMEG"
1996;"Terrestre";1,06666666666667;1,55172413793103;3,46153846153846;7,75;16,1263157894737;"LUSMEG"
1997;"Terrestre";0,652091733870968;2,31368186874305;3,48884381338742;10,0698529411765;16,1145833333333;"LUSMEG"
1998;"Terrestre";0,911931818181818;0,9375;3,71428571428571;7,22222222222222;9,94722222222222;"LUSMEG"
1999;"Terrestre";0,950520833333333;1,06770833333333;2,31087470449173;3,91869300911854;5,02044072948328;"LUSMEG"
2000;"Terrestre";0,964543269230769;1,17788461538462;1,3508064516129;3,23524365133837;6,47872340425532;"LUSMEG"
2001;"Terrestre";2,196875;3,13839285714286;4,35897435897436;6,12307692307692;10,3084210526316;"LUSMEG"
2002;"Terrestre";1,21710526315789;2;3,8;6,59581646423752;13,3928571428571;"LUSMEG"
2003;"Terrestre";0,932352941176471;2,91346153846154;3,66666666666667;4,91758241758242;11,15;"LUSMEG"
2004;"Terrestre";1,19235294117647;2,04831932773109;3,29323308270677;6,53076923076923;9,25480769230769;"LUSMEG"
2005;"Terrestre";1,56862745098039;3;6;8,75;14,2846153846154;"LUSMEG"
2006;"Terrestre";1,675;3,11842105263158;4,9;7,5;15;"LUSMEG"
2007;"Terrestre";1,34627329192547;3,6038961038961;6,53846153846154;9,5;16,83;"LUSMEG"
2008;"Terrestre";1,2875;2,07142857142857;5,14285714285714;7,5;11,1375;"LUSMEG"
2009;"Terrestre";1,0375;2,475;3,75;6,82416267942584;16,6671428571428;"LUSMEG"
2010;"Terrestre";1,66666666666667;3,10344827586207;5,35714285714286;7,5;12,5;"LUSMEG"
2011;"Terrestre";1,68125;3,58455882352941;5,16666666666667;9;18,375;"LUSMEG"
2012;"Terrestre";1,36363636363636;2,5;4,15778251599147;6,875;15;"LUSMEG"
2013;"Terrestre";1,68229166666667;2,67045454545455;4,5;6,02439024390244;10,3557692307692;"LUSMEG"
2014;"Terrestre";1,5;2,58333333333333;4;5,72727272727273;10,8948863636364;"LUSMEG"
2015;"Terrestre";1,68333333333333;2,65625;3,75;6,37218045112782;14,95;"LUSMEG"
2016;"Terrestre";1,5;2,23214285714286;6,125;10,561170212766;13,55;"LUSMEG"
1989;"Terrestre";1,22;1,4;1,6;1,8;1,98;"PAPALU"
1990;"Terrestre";0,59;0,675;0,909090909090909;0,9375;1,160625;"PAPALU"
1991;"Terrestre";0,621081081081081;0,810810810810811;0,9375;1,36363636363636;1,72459893048128;"PAPALU"
1992;"Terrestre";0,592767295597484;0,833333333333333;0,9375;0,9375;1,17375;"PAPALU"
1993;"Terrestre";0,601960784313726;0,729166666666667;0,874155405405405;1,0625;1,765625;"PAPALU"
1994;"Terrestre";0,391875;0,54375;0,817241379310345;1,24461206896552;1,81196120689655;"PAPALU"
1995;"Terrestre";0,886488970588235;0,923713235294118;1,03125;1,78125;3,553125;"PAPALU"
1996;"Terrestre";0,897565922920892;1,03448275862069;1,15384615384615;1,25;2,20192307692308;"PAPALU"
1997;"Terrestre";1,07142857142857;1,07142857142857;1,07142857142857;1,07142857142857;1,07142857142857;"PAPALU"
1998;"Terrestre";1,11538461538462;1,15384615384615;1,875;5,625;7,3125;"PAPALU"
1999;"Terrestre";1,0078125;1,640625;2,34375;3,046875;3,6796875;"PAPALU"
2000;"Terrestre";1,22333333333333;1,43333333333333;1,66666666666667;2,70833333333333;3,64583333333333;"PAPALU"
2001;"Terrestre";0,984375;1,90625;2;3,09615384615385;4,80769230769231;"PAPALU"
2002;"Terrestre";0,553846153846154;0,833333333333333;2;2,14285714285714;4,72;"PAPALU"
2003;"Terrestre";0,442307692307692;1,18055555555556;2;3,10714285714286;3,67788461538462;"PAPALU"
2004;"Terrestre";0,625;1,76470588235294;2,14285714285714;4,01785714285714;12,4038461538462;"PAPALU"
2005;"Terrestre";0,83125;2;2,14285714285714;2,45192307692308;4,59375;"PAPALU"
2006;"Terrestre";1,16769230769231;1,66666666666667;2,14285714285714;3;4,625;"PAPALU"
2007;"Terrestre";1,04;1,77083333333333;2,14285714285714;3;11,625;"PAPALU"
2008;"Terrestre";1,08333333333333;2;2,30769230769231;3,75;7,2;"PAPALU"
2009;"Terrestre";0,910135135135135;1,71875;2,61363636363636;3;6;"PAPALU"
2010;"Terrestre";0,9375;2,37692307692308;3;5;8,44772727272727;"PAPALU"
2011;"Terrestre";1,09118037135279;1,84742647058824;2,65384615384615;3,375;10,65;"PAPALU"
2012;"Terrestre";1,09615384615385;2;3;4,5;7,54166666666667;"PAPALU"
2013;"Terrestre";0,898809523809524;1,52439024390244;2,12406015037594;2,70833333333333;9,96923076923077;"PAPALU"
2014;"Terrestre";1,11160714285714;1,45161290322581;2,22527472527473;3,10402684563758;4,955;"PAPALU"
2015;"Terrestre";1,12165178571429;1,96875;2,45;3,71848739495798;5,85;"PAPALU"
2016;"Terrestre";1,465625;2;2,14285714285714;3,33333333333333;3,50980392156863;"PAPALU"
1989;"Terrestre";1,2;1,2;1,2;1,2;1,2;"PARCAE"
1990;"Terrestre";0,635294117647059;0,889285714285714;1,21875;1,56617647058824;1,85569852941176;"PARCAE"
1991;"Terrestre";0,71046511627907;0,940909090909091;1,3680926916221;1,66666666666667;2,15073529411765;"PARCAE"
1992;"Terrestre";0,586299313893654;0,813311688311688;0,91875;2,00625;2,895;"PARCAE"
1993;"Terrestre";1,0777027027027;1,63288288288288;1,7156862745098;1,84742647058824;1,984375;"PARCAE"
1994;"Terrestre";0,604787234042553;0,728723404255319;1,01724137931034;1,31330818965517;1,48828125;"PARCAE"
1995;"Terrestre";0,489285714285714;1,20098039215686;1,875;2,03448275862069;8,2790948275862;"PARCAE"
1996;"Terrestre";0,771428571428571;0,882352941176471;1,72413793103448;2;2,30769230769231;"PARCAE"
1997;"Terrestre";0,790178571428571;1,10357142857143;1,303125;2,00597426470588;10,1194852941176;"PARCAE"
1998;"Terrestre";1,11858974358974;1,31118881118881;2,10714285714286;2,859375;3,61875;"PARCAE"
1999;"Terrestre";0,66565349544073;0,964285714285714;1,89285714285714;2,734375;3,6328125;"PARCAE"
2000;"Terrestre";0,481003039513678;0,96875;1,2;2,4260752688172;3,5625;"PARCAE"
2001;"Terrestre";0,828125;1,3489010989011;2,61904761904762;3,64583333333333;5,51923076923077;"PARCAE"
2002;"Terrestre";0,697115384615385;1,11111111111111;2,4;3,52941176470588;8,45238095238095;"PARCAE"
2003;"Terrestre";0,754224030037547;2;2,5;3,85416666666667;8,375;"PARCAE"
2004;"Terrestre";1,02321428571429;1,76470588235294;2,5;3,9375;9,17410714285714;"PARCAE"
2005;"Terrestre";0,855357142857143;2;3,07894736842105;4,82142857142857;8,04285714285714;"PARCAE"
2006;"Terrestre";0,970474137931035;2,33571428571429;3;4,575;6,34116541353383;"PARCAE"
2007;"Terrestre";1,05384615384615;2,14285714285714;3;5,69230769230769;10;"PARCAE"
2008;"Terrestre";1,66666666666667;2,30769230769231;3,33333333333333;4,28571428571429;9,3375;"PARCAE"
2009;"Terrestre";0,846718146718147;2,10714285714286;3;3,4;9,05192307692308;"PARCAE"
2010;"Terrestre";1,00948275862069;2,30769230769231;3;5;6,48333333333333;"PARCAE"
2011;"Terrestre";1,5;2,19642857142857;3;4,14285714285714;7,47794117647059;"PARCAE"
2012;"Terrestre";1,46237664473684;2,5;3,62244897959184;5;13,375;"PARCAE"
2013;"Terrestre";1,04460847240051;2,26648351648352;2,72727272727273;3,38235294117647;6,06428571428571;"PARCAE"
2014;"Terrestre";1,25184563758389;2,375;3;4,14285714285714;8,37442396313364;"PARCAE"
2015;"Terrestre";1,125;2,72727272727273;3,75;5,78125;9,875;"PARCAE"
2016;"Terrestre";2,0625;2,52659574468085;5;6,21428571428571;8,42857142857143;"PARCAE"
1989;"Terrestre";2,7225;2,925;3,15;3,375;3,5775;"PARMAJ"
1990;"Terrestre";0,991268382352941;1,328125;1,88039215686275;3,0875;5,19155844155844;"PARMAJ"
1991;"Terrestre";0,757630813953488;1,2625;1,5625;2,57352941176471;3,36176470588235;"PARMAJ"
1992;"Terrestre";0,620454545454546;0,96875;1,40625;3,13342318059299;6,47142857142857;"PARMAJ"
1993;"Terrestre";0,953125;1,82094594594595;2,5;3,625;12,5625;"PARMAJ"
1994;"Terrestre";0,908823529411765;1,08836206896552;1,73537234042553;2,10714285714286;4,96514423076923;"PARMAJ"
1995;"Terrestre";0,6875;0,928030303030303;1,17647058823529;3,36904761904762;19,21875;"PARMAJ"
1996;"Terrestre";1,3448275862069;1,60714285714286;2,57142857142857;3,21957236842105;8,58173076923077;"PARMAJ"
1997;"Terrestre";1,14642857142857;1,575;2,11397058823529;2,94270833333333;5,22395833333333;"PARMAJ"
1998;"Terrestre";1,08181818181818;1,67857142857143;1,78409090909091;2,56944444444444;12,6634615384615;"PARMAJ"
1999;"Terrestre";1,01944444444444;1,23522458628842;2,07142857142857;3,359375;10,15625;"PARMAJ"
2000;"Terrestre";0,687430011198208;1,56617647058824;2,8939205955335;3,9453125;23,90625;"PARMAJ"
2001;"Terrestre";1,19711538461538;1,96172248803828;2,57142857142857;5,19230769230769;12,4038461538462;"PARMAJ"
2002;"Terrestre";1,10625;1,96153846153846;2,5;4,33333333333333;7,5;"PARMAJ"
2003;"Terrestre";1,2263483642794;2,20238095238095;2,65686274509804;3,55769230769231;13,625;"PARMAJ"
2004;"Terrestre";1,20375;2,35323886639676;3,3974358974359;5,42892156862745;11,25;"PARMAJ"
2005;"Terrestre";1,11752136752137;2,41666666666667;3,46153846153846;5,77380952380952;12,275;"PARMAJ"
2006;"Terrestre";1,31121281464531;2,5;3,46666666666667;5;11,5;"PARMAJ"
2007;"Terrestre";1,57894736842105;2,5;3,5;5,35714285714286;11,1;"PARMAJ"
2008;"Terrestre";1,57894736842105;2,72727272727273;4,28571428571429;6;12;"PARMAJ"
2009;"Terrestre";1,16628959276018;2,5;4,05405405405405;5,22727272727273;9,796875;"PARMAJ"
2010;"Terrestre";1,48421052631579;3;5;8,83333333333333;15,0833333333333;"PARMAJ"
2011;"Terrestre";1,41428571428571;2,5;3,10344827586207;6;10,3337142857143;"PARMAJ"
2012;"Terrestre";1,93392857142857;3;5;6,5015479876161;11,0361111111111;"PARMAJ"
2013;"Terrestre";1,45800671892497;2,72727272727273;3,46153846153846;5;8,5;"PARMAJ"
2014;"Terrestre";1,56174089068826;2,56048387096774;3,33333333333333;5;10,3863636363636;"PARMAJ"
2015;"Terrestre";1,61622807017544;2,94512195121951;3,75;6;13,2267857142857;"PARMAJ"
2016;"Terrestre";1,7;3,18609022556391;3,42857142857143;4,25;7,125;"PARMAJ"
1989;"Terrestre";1,845;2,25;2,7;3,15;3,555;"PARNUS"
1990;"Terrestre";0,468571428571429;0,928571428571429;1,81818181818182;2,18039215686275;2,750625;"PARNUS"
1991;"Terrestre";0,650625;1,06875;1,25;1,66666666666667;2,49595588235294;"PARNUS"
1992;"Terrestre";0,770671476137625;0,896139705882353;1,06875;1,2375;1,90625;"PARNUS"
1993;"Terrestre";0,555208333333333;1,33333333333333;1,5;1,76470588235294;16,3764705882353;"PARNUS"
1994;"Terrestre";1,015;1,15;1,225;1,37867647058824;1,72610294117647;"PARNUS"
1995;"Terrestre";0,76875;0,9375;1,03448275862069;3,75;17,25;"PARNUS"
1996;"Terrestre";0,763392857142857;0,877232142857143;0,96875;1,41379310344828;2,21319628647215;"PARNUS"
1997;"Terrestre";0,6421875;0,945060483870968;0,983870967741935;1,02586206896552;9,97306034482759;"PARNUS"
1998;"Terrestre";0,982572115384615;1,38822115384615;2,64423076923077;7,5;17,625;"PARNUS"
1999;"Terrestre";1,06875;1,6875;2,375;3,0625;3,68125;"PARNUS"
2000;"Terrestre";0,940524193548387;0,967741935483871;2;7,5;7,5;"PARNUS"
2001;"Terrestre";0,786713286713287;1,18181818181818;2,15384615384615;4,79567307692308;20,390625;"PARNUS"
2002;"Terrestre";1,54453441295547;1,62280701754386;1,66666666666667;2,25;3,375;"PARNUS"
2003;"Terrestre";1,16192307692308;1,65;3,41346153846154;4,25;10,15625;"PARNUS"
2004;"Terrestre";1,2;1,36923076923077;2,4;3,45394736842105;10,125;"PARNUS"
2005;"Terrestre";1,01538461538462;1,15384615384615;1,5;1,66666666666667;2,68666666666667;"PARNUS"
2006;"Terrestre";0,704326923076923;1,17692307692308;1,57894736842105;1,77083333333333;1,98125;"PARNUS"
2007;"Terrestre";1,07236842105263;2,01754385964912;3,3974358974359;4,46538461538462;7,1625;"PARNUS"
2008;"Terrestre";1,24736842105263;1,60087719298246;1,7156862745098;2,69117647058824;6,9375;"PARNUS"
2009;"Terrestre";1,0625;1,51973684210526;1,98947368421053;2,475;3,22916666666667;"PARNUS"
2010;"Terrestre";1,11544227886057;2,30769230769231;3;3,88888888888889;7,8;"PARNUS"
2011;"Terrestre";1,52916666666667;1,72101449275362;2,3775;3;5,025;"PARNUS"
2012;"Terrestre";1,07236842105263;1,60087719298246;1,77083333333333;2,04769736842105;2,88815789473684;"PARNUS"
2013;"Terrestre";1,07173295454545;2,27982954545455;4,6969696969697;7,25;8,825;"PARNUS"
2014;"Terrestre";1,046875;1,66666666666667;1,875;3,23863636363636;3,75;"PARNUS"
2015;"Terrestre";1,52916666666667;1,82291666666667;1,99013157894737;4,0625;7,0625;"PARNUS"
2016;"Terrestre";1,875;1,875;1,875;1,875;1,875;"PARNUS"
1990;"Terrestre";0,774107142857143;0,991071428571429;1,23214285714286;1,47321428571429;1,69017857142857;"PASDOM"
1991;"Terrestre";0,914117647058823;1,2;1,76470588235294;2,8125;3,85477941176471;"PASDOM"
1992;"Terrestre";2,14821428571429;2,19642857142857;2,25;5,69642857142857;8,79821428571429;"PASDOM"
1993;"Terrestre";0,758333333333333;0,833333333333333;1,62162162162162;3;7,5;"PASDOM"
1994;"Terrestre";1,64628232758621;2,49730603448276;3,28125;6,09821428571429;12,4383928571429;"PASDOM"
1995;"Terrestre";2,57142857142857;2,57142857142857;2,57142857142857;2,57142857142857;2,57142857142857;"PASDOM"
1996;"Terrestre";3,18609022556391;3,43984962406015;3,7218045112782;4,00375939849624;4,25751879699248;"PASDOM"
1997;"Terrestre";1,18452380952381;2,20238095238095;3,33333333333333;4,31372549019608;5,19607843137255;"PASDOM"
1998;"Terrestre";0,765909090909091;0,909090909090909;2,72727272727273;3,33333333333333;6,24761904761905;"PASDOM"
1999;"Terrestre";6;6;6;6;6;"PASDOM"
2000;"Terrestre";1,17948717948718;1,41025641025641;1,66666666666667;2,54761904761905;3,34047619047619;"PASDOM"
2001;"Terrestre";0,867532467532468;1,15384615384615;2,10526315789474;4,57142857142857;4,96;"PASDOM"
2002;"Terrestre";1,025;1,67857142857143;2,3968253968254;5,04736842105263;8,46875;"PASDOM"
2003;"Terrestre";1,32758620689655;2,5;3,85714285714286;6,42857142857143;8,65333333333333;"PASDOM"
2004;"Terrestre";1,29674369747899;4,375;6,28571428571429;8,05;25,70625;"PASDOM"
2005;"Terrestre";1,09429824561404;2,27884615384615;4,28571428571429;7,31043956043956;16,3928571428571;"PASDOM"
2006;"Terrestre";1,01034482758621;2,30769230769231;5,52631578947368;10;23,5;"PASDOM"
2007;"Terrestre";2,6625;5;5,50480769230769;11,25;26,8178571428571;"PASDOM"
2008;"Terrestre";1,371875;2,12864721485411;3,93382352941176;9,33894230769231;13,6785714285714;"PASDOM"
2009;"Terrestre";0,886486486486487;2,30769230769231;3,33333333333333;5;8,90384615384616;"PASDOM"
2010;"Terrestre";1,55576923076923;2,5;3,16666666666667;5,25;12,5808823529412;"PASDOM"
2011;"Terrestre";1,68589743589744;2,5;3;5,45454545454546;12,6;"PASDOM"
2012;"Terrestre";1,2;2,30769230769231;3;6;15,4;"PASDOM"
2013;"Terrestre";1,5875;2,75;3,71412169919633;4,82517482517482;12,6016042780749;"PASDOM"
2014;"Terrestre";1,2625;2,30769230769231;3;5,38461538461539;13,8823529411765;"PASDOM"
2015;"Terrestre";1,284375;3;4,58041958041958;8,19659442724458;13,1642857142857;"PASDOM"
2016;"Terrestre";1,1125;2,125;5,53571428571429;8,92857142857143;9,89285714285714;"PASDOM"
1989;"Terrestre";3,05;3,5;4;4,7;5,33;"PHYCOL"
1990;"Terrestre";1,35416666666667;3,28737745098039;3,75;7,1;10,8860294117647;"PHYCOL"
1991;"Terrestre";1,46547719594595;2,03851744186047;3,45220588235294;3,77954545454545;5,41039215686274;"PHYCOL"
1992;"Terrestre";0,896428571428571;1,84742647058824;2,625;4,41428571428571;5,01339622641509;"PHYCOL"
1993;"Terrestre";0,988839285714286;1,61458333333333;2,02702702702703;3,74183006535948;15,0555555555556;"PHYCOL"
1994;"Terrestre";1,12321428571429;2,30769230769231;3,10344827586207;5,6;6,090112640801;"PHYCOL"
1995;"Terrestre";0,945535714285714;2,04310344827586;4,01041666666667;6,68114973262032;30,75;"PHYCOL"
1996;"Terrestre";1,03970588235294;1,30911330049261;2,96875;5,5491452991453;7,1625;"PHYCOL"
1997;"Terrestre";1,29017857142857;2,53676470588235;4,20161290322581;6,75625;13,3706896551724;"PHYCOL"
1998;"Terrestre";0,877272727272727;2,63169642857143;3,98148148148148;7,18531468531469;14,71875;"PHYCOL"
1999;"Terrestre";1,34285714285714;1,77083333333333;2,76595744680851;5,25;13,875;"PHYCOL"
2000;"Terrestre";0,8015625;1,57417582417582;2,95161290322581;4,21323529411765;12,37375;"PHYCOL"
2001;"Terrestre";1,20659340659341;3,03030303030303;4,5;6,92307692307692;22,25;"PHYCOL"
2002;"Terrestre";1,07222222222222;2,66025641025641;4,28571428571429;6,33333333333333;10,2091666666667;"PHYCOL"
2003;"Terrestre";0,985714285714286;3,94607843137255;5,33333333333333;10,74375;16,6354166666667;"PHYCOL"
2004;"Terrestre";1,08791208791209;3;4,54545454545454;7,5;13,2592592592593;"PHYCOL"
2005;"Terrestre";1,3;2,30769230769231;4;5,33333333333333;15,3;"PHYCOL"
2006;"Terrestre";1,07186234817814;2,13345864661654;2,90625;5;7,95624999999999;"PHYCOL"
2007;"Terrestre";1,07307692307692;2,475;4,39285714285714;6,97940503432494;16,05;"PHYCOL"
2008;"Terrestre";1,74613003095975;3;5;7,5;14,9538461538461;"PHYCOL"
2009;"Terrestre";1,27;2,6940133037694;3,79807692307692;5;12,3519230769231;"PHYCOL"
2010;"Terrestre";1,17461538461538;3;5;7,07142857142857;10,9125;"PHYCOL"
2011;"Terrestre";1,473;3,71173469387755;5;7,5;11,8166666666667;"PHYCOL"
2012;"Terrestre";1,21875;3,11842105263158;4,71217105263158;7,60878010878011;13,9875;"PHYCOL"
2013;"Terrestre";2,27302631578947;4,10984848484848;5,91666666666667;8,5625;12,9835164835165;"PHYCOL"
2014;"Terrestre";1,08846153846154;3,26923076923077;5;8,01342281879195;14,425;"PHYCOL"
2015;"Terrestre";1,24852941176471;3,88392857142857;6,66666666666667;8,97222222222222;15;"PHYCOL"
2016;"Terrestre";1,18815789473684;5,08928571428571;6,83333333333333;8,75;12,9321428571429;"PHYCOL"
1989;"Terrestre";2,02;2,2;2,4;2,6;2,78;"PHYLUS"
1990;"Terrestre";0,76875;1,91883116883117;3,26470588235294;4,184375;8,96553308823529;"PHYLUS"
1991;"Terrestre";0,994186046511628;1,69630642954856;2,6;4,74375;5,38666666666667;"PHYLUS"
1992;"Terrestre";1,24886363636364;1,63435828877005;1,82574916759156;2,87169811320755;3,4078125;"PHYLUS"
1993;"Terrestre";0,84375;0,9375;0,980392156862745;2,22222222222222;3,59722222222222;"PHYLUS"
1994;"Terrestre";0,898235294117647;1,04117647058824;1,2;1,97931034482759;2,68068965517241;"PHYLUS"
1995;"Terrestre";2,42988505747126;3,29885057471264;5,56034482758621;9,375;14,4375;"PHYLUS"
1996;"Terrestre";0,942857142857143;1,71428571428571;2,30769230769231;3,33333333333333;3,70833333333333;"PHYLUS"
1997;"Terrestre";1,68057266009852;2,34144088669951;3,09310344827586;6,45;14,145;"PHYLUS"
1998;"Terrestre";1,04895104895105;2,30769230769231;4,44444444444444;7,5;10,875;"PHYLUS"
1999;"Terrestre";0,865178571428572;0,9375;1,70212765957447;3,75;10,5;"PHYLUS"
2000;"Terrestre";1,77596996245307;1,87734668335419;2,89293067947838;4,77822580645161;7,22782258064516;"PHYLUS"
2001;"Terrestre";0,974545454545455;1,35902255639098;2,15384615384615;3,4375;8,4125;"PHYLUS"
2002;"Terrestre";0,931174089068826;1,66666666666667;2,5;6,25;11,3333333333333;"PHYLUS"
2003;"Terrestre";1,38386524822695;1,94117647058824;2,82894736842105;7,32142857142857;14,45;"PHYLUS"
2004;"Terrestre";1,01785714285714;2,05263157894737;3,6;5,89285714285714;17,7916666666667;"PHYLUS"
2005;"Terrestre";1,25;2,26648351648352;3,3;6,11764705882353;11,4583333333333;"PHYLUS"
2006;"Terrestre";1,08222811671088;2,5;3,75;5;16,3153846153846;"PHYLUS"
2007;"Terrestre";1,125;2,18406593406593;3,10714285714286;7,875;17,5;"PHYLUS"
2008;"Terrestre";1,63875;3;3,84615384615385;6,71428571428571;13,75;"PHYLUS"
2009;"Terrestre";1,51041666666667;2,859375;5,17857142857143;9,75;19,2019230769231;"PHYLUS"
2010;"Terrestre";0,986344537815126;2,5;5,35714285714286;8,16666666666667;14,3;"PHYLUS"
2011;"Terrestre";1,73039215686274;3;5;8,7;19,1060606060606;"PHYLUS"
2012;"Terrestre";1,41953441295547;3;4,09722222222222;5,55803571428571;12,9375;"PHYLUS"
2013;"Terrestre";1,18333333333333;2,35576923076923;4,34873949579832;6,51278409090909;9,95;"PHYLUS"
2014;"Terrestre";2,5;2,859375;5,40322580645161;7,35576923076923;8,66421568627451;"PHYLUS"
2015;"Terrestre";2,5;3;4,12878787878788;5,21785714285714;11,7410714285714;"PHYLUS"
2016;"Terrestre";1,6;2,5;3;3;4,89574468085106;"PHYLUS"
1989;"Terrestre";0,703333333333334;1,63333333333333;2,66666666666667;4,33333333333333;5,83333333333333;"PRUMOD"
1990;"Terrestre";1,1015625;2,28693181818182;2,67460317460317;5,07647058823529;6,3940625;"PRUMOD"
1991;"Terrestre";0,630882352941176;1,37949260042283;2,15686274509804;3,16470588235294;6,42003676470588;"PRUMOD"
1992;"Terrestre";1,1125;2,48247978436658;2,72977941176471;3,53333333333333;6,17745535714286;"PRUMOD"
1993;"Terrestre";0,797058823529412;1,71428571428571;2,25788288288288;3,34375;15,615625;"PRUMOD"
1994;"Terrestre";1,07844827586207;1,37142857142857;2,02564102564103;2,50938673341677;4,13065159574468;"PRUMOD"
1995;"Terrestre";0,635294117647059;0,990147783251232;1,12373737373737;3,75;43,96875;"PRUMOD"
1996;"Terrestre";0,889285714285714;1,58135775862069;2,47737556561086;3,64583333333333;4,47692307692308;"PRUMOD"
1997;"Terrestre";1,10294117647059;2,17633928571429;2,64547413793103;3,47782258064516;5,27625;"PRUMOD"
1998;"Terrestre";0,933116883116883;1,38494318181818;2,72727272727273;5,01923076923077;7,35576923076923;"PRUMOD"
1999;"Terrestre";1,13730158730159;1,5;1,875;2,5625;6,84375;"PRUMOD"
2000;"Terrestre";0,791208791208791;1,80645161290323;2,5;3,78676470588235;6,625;"PRUMOD"
2001;"Terrestre";1,21103896103896;2,23076923076923;2,75;4,71153846153846;7,02323717948718;"PRUMOD"
2002;"Terrestre";1,07222222222222;2,09429824561404;2,72727272727273;4,35294117647059;7,79166666666666;"PRUMOD"
2003;"Terrestre";0,73531914893617;2,4;3,97058823529412;6,66666666666667;11,3214285714286;"PRUMOD"
2004;"Terrestre";1,07142857142857;2,4;3,33333333333333;5;9,47500000000001;"PRUMOD"
2005;"Terrestre";1,56947368421053;2;3,54166666666667;5,05;10,7418831168831;"PRUMOD"
2006;"Terrestre";1,18730769230769;2,03571428571429;3,33333333333333;6,1875;9,23125;"PRUMOD"
2007;"Terrestre";1,21565217391304;2,32051282051282;4;6,79487179487179;11,8875;"PRUMOD"
2008;"Terrestre";1,30113636363636;3,16666666666667;5;6,22023809523809;10,3928571428571;"PRUMOD"
2009;"Terrestre";1,12713675213675;2,10714285714286;3,84868421052632;6,28205128205128;13,59375;"PRUMOD"
2010;"Terrestre";1,0859375;2,58152173913043;3,875;6;17,2875;"PRUMOD"
2011;"Terrestre";1,19230769230769;2,30769230769231;3,75;6;12,9;"PRUMOD"
2012;"Terrestre";1,60964912280702;3,16666666666667;5;6;11,2013157894737;"PRUMOD"
2013;"Terrestre";1,07142857142857;2,33333333333333;3,33333333333333;5;13,6571428571429;"PRUMOD"
2014;"Terrestre";1,27503247456159;2,5;3,875;6,10714285714286;14,5875;"PRUMOD"
2015;"Terrestre";1,51339285714286;3;3,75;4,58653846153846;10,625;"PRUMOD"
2016;"Terrestre";1,66071428571429;2,75;4,16666666666667;5,34722222222222;8,625;"PRUMOD"
1989;"Terrestre";2,44;2,8;3,2;3,6;3,96;"PYRULA"
1990;"Terrestre";0,813970588235294;1,49732620320856;2;2,41736694677871;4,12235294117647;"PYRULA"
1991;"Terrestre";0,974117647058824;1,8;2,7027027027027;2,8;3,45647058823529;"PYRULA"
1992;"Terrestre";0,922058823529412;1,24090909090909;1,53087478559177;1,98702830188679;2,71041666666667;"PYRULA"
1993;"Terrestre";0,747058823529412;1,47058823529412;2;2,02702702702703;21,8027027027027;"PYRULA"
1994;"Terrestre";0,836153846153846;1,16153846153846;1,64102564102564;2,16176470588235;2,59852941176471;"PYRULA"
1995;"Terrestre";0,990196078431373;1,07843137254902;1,55555555555556;5,25;14,025;"PYRULA"
1996;"Terrestre";1,04045092838196;1,09416445623342;1,15384615384615;1,43406593406593;1,68626373626374;"PYRULA"
1997;"Terrestre";1,44308035714286;1,77455357142857;2,14285714285714;3,17142857142857;4,09714285714286;"PYRULA"
1998;"Terrestre";1,02727272727273;1,27272727272727;1,36363636363636;2,17657342657343;4,3715034965035;"PYRULA"
1999;"Terrestre";0,672340425531915;0,978723404255319;1,31914893617021;1,65957446808511;1,96595744680851;"PYRULA"
2000;"Terrestre";0,811757215619694;0,975806451612903;1,24468085106383;1,62234042553191;1,95833333333333;"PYRULA"
2001;"Terrestre";0,885714285714286;1,57894736842105;2,30769230769231;2,5;7,32307692307693;"PYRULA"
2002;"Terrestre";1,36635338345865;1,95454545454545;2,91666666666667;4,25;6,31818181818182;"PYRULA"
2003;"Terrestre";0,816587864460205;1,94331983805668;3;5;10,734126984127;"PYRULA"
2004;"Terrestre";1,66666666666667;2,35;2,97077922077922;4,5625;11,1116071428571;"PYRULA"
2005;"Terrestre";2,04166666666667;2,75252525252525;4;4,64285714285714;9,24761904761905;"PYRULA"
2006;"Terrestre";1,351875;2,578125;4,05172413793103;5,75;8,88392857142857;"PYRULA"
2007;"Terrestre";1,17230769230769;2,14285714285714;4;6,25;10,0571428571429;"PYRULA"
2008;"Terrestre";1,07166666666667;2,92857142857143;4;5,3125;10;"PYRULA"
2009;"Terrestre";1,70758928571429;2,72727272727273;3;4,5;11,7857142857143;"PYRULA"
2010;"Terrestre";1,0631157635468;2,5;3;4,625;13,425;"PYRULA"
2011;"Terrestre";1,98809523809524;2,72727272727273;4,125;5,00874125874126;9,975;"PYRULA"
2012;"Terrestre";1,63988095238095;2,75;3,75;5,16666666666667;6,3;"PYRULA"
2013;"Terrestre";1,36071428571429;2,14285714285714;4,01785714285714;5,82692307692308;7,9875;"PYRULA"
2014;"Terrestre";1,22750424448217;2,02325581395349;3;4,41666666666667;6,76666666666667;"PYRULA"
2015;"Terrestre";1,0375;3;4,47222222222222;6;9,34375;"PYRULA"
2016;"Terrestre";2,55;3;4,16666666666667;5;5,32142857142857;"PYRULA"
1989;"Terrestre";4,39;6,1;8;13;17,5;"SYLATR"
1990;"Terrestre";4,04411764705882;5,97727272727273;6,86274509803922;10,53125;29,640625;"SYLATR"
1991;"Terrestre";1,95034569453174;3,23529411764706;5;7,6;24,31875;"SYLATR"
1992;"Terrestre";2,17794117647059;3,79395368782161;5,69444444444444;9,021875;21,7484375;"SYLATR"
1993;"Terrestre";3,59920634920635;5,05392156862745;7;14,171875;58,73125;"SYLATR"
1994;"Terrestre";1,77857142857143;3,07307692307692;6,62234042553191;8,52434077079108;23,4296875;"SYLATR"
1995;"Terrestre";2,54901960784314;4,51477832512315;7,04545454545455;14,375;56,40625;"SYLATR"
1996;"Terrestre";1,11384381338742;3,88736263736264;5,09649122807018;14,6514423076923;20,7;"SYLATR"
1997;"Terrestre";2,45798319327731;4,17686318131257;7,1875;9,79166666666667;27,3125;"SYLATR"
1998;"Terrestre";1,53246753246753;3,16666666666667;7,5;9,44444444444444;30,40625;"SYLATR"
1999;"Terrestre";1,66468253968254;6,27955082742317;7,75;9,33928571428572;21,265625;"SYLATR"
2000;"Terrestre";0,96343984962406;4,26411290322581;7,04787234042553;12,2916666666667;20,875625;"SYLATR"
2001;"Terrestre";1,72252747252747;5;8,14285714285714;10,3846153846154;25,4807692307692;"SYLATR"
2002;"Terrestre";2,02433862433862;5;6,75438596491228;14,1666666666667;26,4170168067227;"SYLATR"
2003;"Terrestre";1,94285714285714;6;8,51063829787234;14;20,9166666666667;"SYLATR"
2004;"Terrestre";1,85924369747899;5,16666666666667;8;13,375;22,3878205128205;"SYLATR"
2005;"Terrestre";2,325;5,51948051948052;9,81481481481481;15;20,9642857142857;"SYLATR"
2006;"Terrestre";2,29175824175824;4,06818181818182;6,98611111111111;12;22,71875;"SYLATR"
2007;"Terrestre";2,26071428571429;5;8,75;13,8823529411765;27,9375;"SYLATR"
2008;"Terrestre";1,875;6;8,70833333333333;11,8229166666667;22,75;"SYLATR"
2009;"Terrestre";1,74148606811146;6;7,92857142857143;12;25,5182926829268;"SYLATR"
2010;"Terrestre";3,40384615384615;6,59090909090909;9,22222222222222;14,25;29,625;"SYLATR"
2011;"Terrestre";2,85379464285714;6,12745098039216;10,3571428571429;14;29,7590909090909;"SYLATR"
2012;"Terrestre";3,74448529411765;6,66666666666667;9,63125548726953;15;28,475;"SYLATR"
2013;"Terrestre";2,69318181818182;4,39285714285714;5,97510373443983;10;17,0409090909091;"SYLATR"
2014;"Terrestre";2,10714285714286;4,45588235294118;7;11,225;22,6607142857143;"SYLATR"
2015;"Terrestre";2,328125;5,125;8,57142857142857;12,9166666666667;32,3571428571428;"SYLATR"
2016;"Terrestre";2,4921052631579;6,65476190476191;7,85714285714286;9,84042553191489;19,46875;"SYLATR"
1989;"Terrestre";1,81;1,9;2;3,6;5,04;"SYLBOR"
1990;"Terrestre";0,865714285714286;1,125;1,875;3,72549019607843;6,59;"SYLBOR"
1991;"Terrestre";1,28795454545455;1,83028616852146;2,91787790697674;3,9718137254902;5,7046875;"SYLBOR"
1992;"Terrestre";1,30568181818182;2,10012864493997;2,30395047169811;4,3359375;5,175;"SYLBOR"
1993;"Terrestre";0,514859068627451;1,08333333333333;1,79464285714286;2,19425675675676;23,85;"SYLBOR"
1994;"Terrestre";0,606702127659575;0,736497545008183;0,909926470588235;1,15086206896552;2,7375;"SYLBOR"
1995;"Terrestre";0,712121212121212;1,17647058823529;1,66666666666667;4,75;24;"SYLBOR"
1996;"Terrestre";0,883496732026144;0,972222222222222;1,81465517241379;5,48076923076923;12,2415865384615;"SYLBOR"
1997;"Terrestre";1,1554802955665;1,71146044624746;2,3125;4,41532258064516;8,9025;"SYLBOR"
1998;"Terrestre";0,912642045454546;0,953125;2,375;3,75;4,84375;"SYLBOR"
1999;"Terrestre";0,9796875;1,359375;1,60106382978723;3,15159574468085;7,06515957446808;"SYLBOR"
2000;"Terrestre";1,32307692307692;2,41935483870968;2,89473684210526;3,75;8,11;"SYLBOR"
2001;"Terrestre";0,984821428571429;2,07692307692308;3,29326923076923;4;6,125;"SYLBOR"
2002;"Terrestre";0,873106060606061;2,16269841269841;3,50877192982456;6;13,4236111111111;"SYLBOR"
2003;"Terrestre";0,834276018099548;1,96875;3;6,28571428571429;14,5892857142857;"SYLBOR"
2004;"Terrestre";1,25948717948718;1,93617021276596;3,07894736842105;6,45;11,3035714285714;"SYLBOR"
2005;"Terrestre";1,18;2,30769230769231;3,68421052631579;6,42857142857143;12,4010695187166;"SYLBOR"
2006;"Terrestre";1,15862068965517;2;3,15789473684211;5;17,5;"SYLBOR"
2007;"Terrestre";0,927033492822967;2,32287449392713;3,75;6,5;13,1845238095238;"SYLBOR"
2008;"Terrestre";1,05555555555556;2,5;4,28571428571429;6,03846153846154;8,63541666666667;"SYLBOR"
2009;"Terrestre";1,20322245322245;2,61363636363636;4;6,20192307692308;12,25;"SYLBOR"
2010;"Terrestre";1,66666666666667;3;5;7,18421052631579;11,2375;"SYLBOR"
2011;"Terrestre";2,30769230769231;2,94927536231884;5;5,91666666666667;12;"SYLBOR"
2012;"Terrestre";1,59375;3,07894736842105;4,89795918367347;6;11,6083333333333;"SYLBOR"
2013;"Terrestre";1,2952776336274;2,5;3;5;10,6923076923077;"SYLBOR"
2014;"Terrestre";1,61090062784152;2,75;3,58288770053476;5,11363636363636;11,6625;"SYLBOR"
2015;"Terrestre";2,30357142857143;3;3,75;6,33333333333333;11,6770833333333;"SYLBOR"
2016;"Terrestre";2,02631578947368;3;3,33333333333333;5,20833333333333;8,17857142857143;"SYLBOR"
1989;"Terrestre";5,6;5,6;5,6;5,6;5,6;"SYLCOM"
1990;"Terrestre";0,589705882352941;0,91875;2,9375;6,29411764705882;7,44485294117647;"SYLCOM"
1991;"Terrestre";0,684593023255814;0,782526712759271;1,96078431372549;4,975;7,18617647058824;"SYLCOM"
1992;"Terrestre";1,23315363881402;2,14285714285714;3,42857142857143;5,5;7,03;"SYLCOM"
1993;"Terrestre";0,6;0,75;1,11111111111111;4,25892857142857;36,4714285714286;"SYLCOM"
1994;"Terrestre";0,786538461538462;0,942307692307692;2,09574468085106;3,82218844984802;5,52507598784194;"SYLCOM"
1995;"Terrestre";0,736363636363636;1,36363636363636;2;8,28571428571429;61,5785714285715;"SYLCOM"
1996;"Terrestre";0,464285714285714;0,850574712643678;3,375;6,34615384615385;10,7527472527472;"SYLCOM"
1997;"Terrestre";1,565625;3;4,48275862068965;7,6;13,7305882352941;"SYLCOM"
1998;"Terrestre";0,915909090909091;0,977272727272727;3,38461538461538;6,04120879120879;6,77554945054945;"SYLCOM"
1999;"Terrestre";9,14285714285714;9,14285714285714;9,14285714285714;9,14285714285714;9,14285714285714;"SYLCOM"
2000;"Terrestre";0,773161764705882;1,40479876160991;3,61290322580645;5,73846153846154;9,79835164835165;"SYLCOM"
2001;"Terrestre";1,12115384615385;1,80921052631579;3,10897435897436;5,28846153846154;7,52357142857143;"SYLCOM"
2002;"Terrestre";0,867424242424242;2,01754385964912;4,16666666666667;6,21428571428571;9,18;"SYLCOM"
2003;"Terrestre";1,01131221719457;2,77777777777778;4,14285714285714;6,49784482758621;10,7705882352941;"SYLCOM"
2004;"Terrestre";1,13;2,64705882352941;3,75;4,98626373626374;11,6875;"SYLCOM"
2005;"Terrestre";1,73076923076923;3;4,44444444444444;6,66666666666667;11,1538461538462;"SYLCOM"
2006;"Terrestre";1,39894736842105;2,85;3,81944444444444;7,56410256410256;11,3733974358974;"SYLCOM"
2007;"Terrestre";1,59529411764706;2,85714285714286;5,45454545454546;7,77777777777778;14,3;"SYLCOM"
2008;"Terrestre";1,2;2,64285714285714;4,49519230769231;7,625;17,375;"SYLCOM"
2009;"Terrestre";1,40396341463415;2,475;5;8,34224598930481;17,125;"SYLCOM"
2010;"Terrestre";1,56882591093117;3;4,61538461538461;8,16666666666667;20;"SYLCOM"
2011;"Terrestre";1,55236305048335;2,75974025974026;5;8;24,7136363636363;"SYLCOM"
2012;"Terrestre";1,4;2,5;5;9,23076923076923;22,8727272727273;"SYLCOM"
2013;"Terrestre";1,74261744966443;2,93181818181818;4,64285714285714;9,25;18,0694444444444;"SYLCOM"
2014;"Terrestre";1,37592281879195;2,5;5,83333333333333;8,8125;13,9502840909091;"SYLCOM"
2015;"Terrestre";1,55357142857143;3;6;10;17,1;"SYLCOM"
2016;"Terrestre";2,5;2,5;6,33333333333333;7;7;"SYLCOM"
1989;"Terrestre";0,615;0,75;0,9;1,05;1,185;"TROTRO"
1990;"Terrestre";1,13625;1,24285714285714;1,5;1,8375;2,94791666666667;"TROTRO"
1991;"Terrestre";0,510110294117647;0,882352941176471;1,2;1,25;2,17045454545455;"TROTRO"
1992;"Terrestre";0,65;1,1;1,32075471698113;2,07142857142857;2,31361607142857;"TROTRO"
1993;"Terrestre";0,865659777424483;1,33823529411765;2;2,69444444444444;10,6333333333333;"TROTRO"
1994;"Terrestre";0,785576923076923;1,175;2,09375;2,234375;2,51529255319149;"TROTRO"
1995;"Terrestre";0,618872549019608;0,9375;2,25;4,22159090909091;16,9744318181818;"TROTRO"
1996;"Terrestre";0,426724137931034;1,30555555555556;2,26495726495726;2,68629807692308;3,1953125;"TROTRO"
1997;"Terrestre";1,00685483870968;1,35887096774194;1,75;2,28125;2,759375;"TROTRO"
1998;"Terrestre";1,0421875;1,421875;1,93509615384615;3,16826923076923;5,49182692307692;"TROTRO"
1999;"Terrestre";2,0203125;2,203125;2,40625;2,609375;2,7921875;"TROTRO"
2000;"Terrestre";0,757894736842105;0,967741935483871;1,66666666666667;1,875;3,56;"TROTRO"
2001;"Terrestre";1;1,15384615384615;4;6,15384615384615;7,35;"TROTRO"
2002;"Terrestre";1,41666666666667;1,76470588235294;2,5;3,33333333333333;5,20833333333333;"TROTRO"
2003;"Terrestre";1,105;1,68103448275862;2,57142857142857;3,33333333333333;9,27083333333333;"TROTRO"
2004;"Terrestre";1,2;1,76470588235294;2,72727272727273;4,16666666666667;8,35;"TROTRO"
2005;"Terrestre";0,975;2,07142857142857;2,60869565217391;3,63970588235294;8,56168831168831;"TROTRO"
2006;"Terrestre";1;1,88405797101449;2,92857142857143;3,8125;6;"TROTRO"
2007;"Terrestre";0,980172413793104;2,14285714285714;2,83333333333333;4,5;8,75;"TROTRO"
2008;"Terrestre";1;2;2,85714285714286;4;6;"TROTRO"
2009;"Terrestre";0,77972972972973;1,875;3;4,28571428571429;6,03636363636364;"TROTRO"
2010;"Terrestre";0,94683908045977;1,94642857142857;3;5,08333333333333;10,9375;"TROTRO"
2011;"Terrestre";1,66666666666667;2,5;3;3,75;8,57142857142857;"TROTRO"
2012;"Terrestre";1,16346153846154;2;2,88461538461538;3,75;5,9;"TROTRO"
2013;"Terrestre";1,21074626865672;2,14285714285714;2,75252525252525;3,56907894736842;6,61666666666666;"TROTRO"
2014;"Terrestre";1,33333333333333;2;3;4,28571428571429;7,41666666666667;"TROTRO"
2015;"Terrestre";1,08173076923077;2,14144736842105;3;3,9375;7,42788461538461;"TROTRO"
2016;"Terrestre";1,08125;1,5;2,5;4;6,19047619047619;"TROTRO"
1989;"Terrestre";2,01;2,1;2,2;5,5;8,47;"TURMER"
1990;"Terrestre";2,56176470588235;4;5,68627450980392;7,03636363636364;9,99107142857143;"TURMER"
1991;"Terrestre";0,945813953488372;1,91176470588235;3,909375;5,07352941176471;8,96858108108108;"TURMER"
1992;"Terrestre";1,2025;2,953125;4,38679245283019;5,89613970588235;10,3482142857143;"TURMER"
1993;"Terrestre";2,49509803921569;3,16666666666667;5;8,75375375375375;21;"TURMER"
1994;"Terrestre";2,65142857142857;3;5,29411764705882;7,5;9,2948717948718;"TURMER"
1995;"Terrestre";0,693137254901961;1,67487684729064;5,68181818181818;7,80381944444444;37,29375;"TURMER"
1996;"Terrestre";1,67473474801061;3,10714285714286;5,86607142857143;7,83333333333333;19,8198529411765;"TURMER"
1997;"Terrestre";3,57904411764706;4,42684331797235;4,82758620689655;5,575;7,2890625;"TURMER"
1998;"Terrestre";1,28888888888889;2,28571428571429;4,09090909090909;6;22,3333333333333;"TURMER"
1999;"Terrestre";1,16932624113475;2,98809523809524;4,95535714285714;7,56944444444444;15,7986111111111;"TURMER"
2000;"Terrestre";1,83125;2,47628083491461;3,5392798690671;7,5;13,78125;"TURMER"
2001;"Terrestre";2,62142857142857;4,04166666666667;6,08173076923077;10,625;21,1875;"TURMER"
2002;"Terrestre";1,4175;2,87878787878788;5,41666666666667;9,36538461538461;18,2941176470588;"TURMER"
2003;"Terrestre";1,625;3,97222222222222;5,45955882352941;8,73626373626374;14,1666666666667;"TURMER"
2004;"Terrestre";1,59502262443439;3,20714285714286;6,25;10;16,4583333333333;"TURMER"
2005;"Terrestre";1,79807692307692;3,83333333333333;6,42857142857143;8,99038461538461;19,2647058823529;"TURMER"
2006;"Terrestre";1,19078947368421;3,03125;5;8,03137651821862;20,3625;"TURMER"
2007;"Terrestre";1,53173076923077;3,5;5;8,44444444444444;15,7291666666667;"TURMER"
2008;"Terrestre";1,71666666666667;4,33035714285714;6;9,08333333333333;16,1538461538462;"TURMER"
2009;"Terrestre";1,809375;3,78472222222222;5,70460704607046;7,875;17,71875;"TURMER"
2010;"Terrestre";2,23392857142857;4,02777777777778;6;9,30952380952381;16,1714285714286;"TURMER"
2011;"Terrestre";1,47916666666667;3,33333333333333;6;8,67857142857143;16,0192307692308;"TURMER"
2012;"Terrestre";1,66008771929825;3,01923076923077;5,13513513513514;8,63815789473684;13,9035714285714;"TURMER"
2013;"Terrestre";1,49475524475525;3,10714285714286;5;7,65625;13,75;"TURMER"
2014;"Terrestre";1,11197270471464;3;5;6,07894736842105;12,3973880597015;"TURMER"
2015;"Terrestre";1,64254385964912;4,04166666666667;6;8,38333333333333;22,1357142857143;"TURMER"
2016;"Terrestre";1,03035714285714;2,625;5;6,5;9,70238095238095;"TURMER"
1989;"Terrestre";1,22;1,4;1,6;1,8;1,98;"TURPHI"
1990;"Terrestre";0,850378787878788;1,23235294117647;1,60714285714286;3,11580882352941;4,200625;"TURPHI"
1991;"Terrestre";0,590882352941177;0,685782241014799;0,780405405405405;1,67509191176471;3,52828125;"TURPHI"
1992;"Terrestre";0,306407232704403;0,615530303030303;0,84375;1,05;2,5303125;"TURPHI"
1993;"Terrestre";0,695495495495496;0,857142857142857;1,47058823529412;3,28125;5,8;"TURPHI"
1994;"Terrestre";0,657845744680851;0,764423076923077;1,65821501014199;2,425;3,015625;"TURPHI"
1995;"Terrestre";0,421022727272727;0,858150470219436;1,25;2,89522058823529;3,703125;"TURPHI"
1996;"Terrestre";0,701724137931034;0,857142857142857;1,15384615384615;1,76470588235294;5;"TURPHI"
1997;"Terrestre";0,444642857142857;1,07142857142857;1,8;1,93548387096774;4,69354838709677;"TURPHI"
1998;"Terrestre";0,790384615384615;1,15384615384615;2,22222222222222;4;4,3375;"TURPHI"
1999;"Terrestre";0,654711246200608;0,802431610942249;1,17857142857143;2,21875;4,159375;"TURPHI"
2000;"Terrestre";0,776785714285714;1,0556464811784;1,25;3,02083333333333;13,125;"TURPHI"
2001;"Terrestre";0,502232142857143;1,55;2,33805668016194;2,76923076923077;5,91346153846154;"TURPHI"
2002;"Terrestre";0,857142857142857;1,38947368421053;2;4,41970310391363;7,55294117647059;"TURPHI"
2003;"Terrestre";0,778629536921152;1,95;3,18609022556391;4,38095238095238;7,5;"TURPHI"
2004;"Terrestre";1,00472813238771;1,84742647058824;2,58333333333333;4,32692307692308;6,91875;"TURPHI"
2005;"Terrestre";0,835119047619048;1,74773755656109;2,8;4,28571428571429;11,2610294117647;"TURPHI"
2006;"Terrestre";1,13214285714286;2,14285714285714;2,60869565217391;4;7,5;"TURPHI"
2007;"Terrestre";1,10606060606061;1,98913043478261;2,5;5;10;"TURPHI"
2008;"Terrestre";1,11785714285714;2,45192307692308;3,54166666666667;5;9,3125;"TURPHI"
2009;"Terrestre";1,2;2,14285714285714;3,33333333333333;5;8;"TURPHI"
2010;"Terrestre";1,51034482758621;2,14285714285714;3;6;9;"TURPHI"
2011;"Terrestre";1,5375;2,5;3,0625;4,28571428571429;6;"TURPHI"
2012;"Terrestre";1,57894736842105;2,5;3;4,28571428571429;8;"TURPHI"
2013;"Terrestre";1,16041905385497;2,14285714285714;3;5;9,075;"TURPHI"
2014;"Terrestre";1,5;2;2,84328358208955;3,8125;8,13068181818182;"TURPHI"
2015;"Terrestre";1,5;2,10526315789474;3,52941176470588;5;9;"TURPHI"
2016;"Terrestre";2,24107142857143;2,5;3;3,77205882352941;6,5859375;"TURPHI"
1997;"STOC-rozo";6;6;6;6;6;"ACRRIS"
1998;"STOC-rozo";3;3;3;3;3;"ACRRIS"
1999;"STOC-rozo";3,075;3,75;4,5;6;7,35;"ACRRIS"
2000;"STOC-rozo";4,5375;4,875;5,25;5,625;5,9625;"ACRRIS"
2001;"STOC-rozo";3;3;3;3;3;"ACRRIS"
2002;"STOC-rozo";3;3;3;3;3;"ACRRIS"
2003;"STOC-rozo";3;3;3;3;3,9;"ACRRIS"
2004;"STOC-rozo";3,15;4,5;6;7,5;8,85;"ACRRIS"
2005;"STOC-rozo";3,025;3,25;3,5;3,75;3,975;"ACRRIS"
2006;"STOC-rozo";3;3;3,5;4;4;"ACRRIS"
2007;"STOC-rozo";3,1875;4,875;6;6;12,5625;"ACRRIS"
2008;"STOC-rozo";4,725;6,75;8,25;10,875;15,9375;"ACRRIS"
2009;"STOC-rozo";3;3;3;3,75;5,775;"ACRRIS"
2010;"STOC-rozo";3;3;3;3;5,7;"ACRRIS"
2011;"STOC-rozo";3;3;6;7,5;8,85;"ACRRIS"
2012;"STOC-rozo";3;3;3,5;4,5;5,85;"ACRRIS"
2013;"STOC-rozo";3;3;3;6;9,6;"ACRRIS"
2015;"STOC-rozo";3,15;4,5;6;6;6;"ACRRIS"
2016;"STOC-rozo";3;3;3;3;3;"ACRRIS"
1997;"STOC-rozo";4,35;7,5;11;14,5;17,65;"ACRSCH"
1998;"STOC-rozo";8,325;15,75;24;26,5;28,75;"ACRSCH"
1999;"STOC-rozo";7,925;11,75;16;17,5;18,85;"ACRSCH"
2000;"STOC-rozo";31,075;31,75;32,5;33,25;33,925;"ACRSCH"
2001;"STOC-rozo";3;3;3;3,75;4,425;"ACRSCH"
2002;"STOC-rozo";3,225;6,375;9,5;18,75;33,65;"ACRSCH"
2003;"STOC-rozo";3;3,25;4,25;6,75;11,4375;"ACRSCH"
2004;"STOC-rozo";3,35;5,75;8,25;11,25;18,3;"ACRSCH"
2005;"STOC-rozo";3;3;3;3;3;"ACRSCH"
2006;"STOC-rozo";3;3;6;14,25;16,875;"ACRSCH"
2007;"STOC-rozo";3;3;5,25;13,125;19,1;"ACRSCH"
2008;"STOC-rozo";7,35;9,75;13,5;18,75;24,3;"ACRSCH"
2009;"STOC-rozo";3,3;4,5;10,5;17;28,2;"ACRSCH"
2010;"STOC-rozo";3,55;13,5;18;24;27,5375;"ACRSCH"
2011;"STOC-rozo";6,3;13,5;20;25,5;34,5;"ACRSCH"
2012;"STOC-rozo";4,0875;6,75;9,5;14;20,3;"ACRSCH"
2013;"STOC-rozo";3;3;15;16,5;26,4;"ACRSCH"
2014;"STOC-rozo";6,1125;7,125;8,75;13,25;22,025;"ACRSCH"
2015;"STOC-rozo";9,54166666666667;13,75;16;18,5;28,625;"ACRSCH"
1997;"STOC-rozo";36,525;41,25;46,5;51,75;56,475;"ACRSCI"
1998;"STOC-rozo";27,65;33,5;40;43,5;46,65;"ACRSCI"
1999;"STOC-rozo";34,1;35;36;38;39,8;"ACRSCI"
2000;"STOC-rozo";30,15;31,5;33;39;44,4;"ACRSCI"
2001;"STOC-rozo";13,45;21;33;39;56,6;"ACRSCI"
2002;"STOC-rozo";13,05;22,75;33;38,5;46,2;"ACRSCI"
2003;"STOC-rozo";13,75;22;30;40;54,25;"ACRSCI"
2004;"STOC-rozo";11,125;22,125;25;42,25;54,775;"ACRSCI"
2005;"STOC-rozo";4,2;12;19;45;66,75;"ACRSCI"
2006;"STOC-rozo";9,675;14,25;26;37;48,075;"ACRSCI"
2007;"STOC-rozo";5,4;17;32;40;64;"ACRSCI"
2008;"STOC-rozo";14,1;21;32;39;62,9;"ACRSCI"
2009;"STOC-rozo";14,2;22,75;24;32,5;58,95;"ACRSCI"
2010;"STOC-rozo";12,6;31;35;41;61,1;"ACRSCI"
2011;"STOC-rozo";18,25;28;31;45;56;"ACRSCI"
2012;"STOC-rozo";6,25;24,5;30;32,75;52,325;"ACRSCI"
2013;"STOC-rozo";7,0695652173913;19;31;46;62,7;"ACRSCI"
2014;"STOC-rozo";23,525;28,25;34;47,5;73,15;"ACRSCI"
2015;"STOC-rozo";15,35;23,1666666666667;28;33;37,85;"ACRSCI"
2016;"STOC-rozo";37;37;37;37;37;"ACRSCI"
1999;"STOC-rozo";3;3;3;3;3;"CETCET"
2000;"STOC-rozo";3;3;3;3;3;"CETCET"
2001;"STOC-rozo";3;3;3;4,5;5,85;"CETCET"
2002;"STOC-rozo";3;3;6;8;8,9;"CETCET"
2003;"STOC-rozo";2,05;2,5;3;3,5;3,95;"CETCET"
2004;"STOC-rozo";5,05;5,5;6;6;6;"CETCET"
2005;"STOC-rozo";3;3;3;3;3;"CETCET"
2006;"STOC-rozo";6;6;6;6;6;"CETCET"
2007;"STOC-rozo";3;3,25;4,25;5,625;6,875;"CETCET"
2008;"STOC-rozo";3;3;4,5;6;6;"CETCET"
2009;"STOC-rozo";3;3;4,5;6;6;"CETCET"
2010;"STOC-rozo";1,65;3;3;3;3,9;"CETCET"
2011;"STOC-rozo";3,075;3,75;4,5;4,75;4,975;"CETCET"
2012;"STOC-rozo";3,0375;3,375;3,75;4,125;4,4625;"CETCET"
2013;"STOC-rozo";3;3;3;3,67391304347826;4,2804347826087;"CETCET"
2014;"STOC-rozo";3;3;3;3;3;"CETCET"
2015;"STOC-rozo";1,8;3;3;3;4,35;"CETCET"
1997;"STOC-rozo";9,075;9,75;10,5;11,25;11,925;"EMBSCH"
1998;"STOC-rozo";4,625;5,75;7;10;12,7;"EMBSCH"
1999;"STOC-rozo";8,05;8,5;9;9,75;10,425;"EMBSCH"
2000;"STOC-rozo";4,725;6,75;9;10;10,9;"EMBSCH"
2001;"STOC-rozo";2,1;3;3;6;6;"EMBSCH"
2002;"STOC-rozo";4,1125;6;7,5;10;13,1;"EMBSCH"
2003;"STOC-rozo";3;5;5,5;7,375;7,5;"EMBSCH"
2004;"STOC-rozo";3;3;7;9,75;18,975;"EMBSCH"
2005;"STOC-rozo";3,4;7;8;9;10,35;"EMBSCH"
2006;"STOC-rozo";4,7625;6;7,5;9;9;"EMBSCH"
2007;"STOC-rozo";4,4;6;9;9;22,4;"EMBSCH"
2008;"STOC-rozo";3;3;4,5;7,5;10,7;"EMBSCH"
2009;"STOC-rozo";3;3,75;6;8,25;12,375;"EMBSCH"
2010;"STOC-rozo";3,275;4,5;9;10,5;17,175;"EMBSCH"
2011;"STOC-rozo";4;4,5;6;10;17;"EMBSCH"
2012;"STOC-rozo";1,8375;3,5;6;7,5;13,8875;"EMBSCH"
2013;"STOC-rozo";3;4,875;6;6;12,675;"EMBSCH"
2014;"STOC-rozo";3,3375;6,375;7,75;8,625;10,3125;"EMBSCH"
2015;"STOC-rozo";3;3;4,5;6;7,35;"EMBSCH"
2016;"STOC-rozo";4,5;4,5;4,5;4,5;4,5;"EMBSCH"
1998;"STOC-rozo";3;3;3;3;3;"LOCLUS"
2000;"STOC-rozo";2,1;3;4;5;5,9;"LOCLUS"
2001;"STOC-rozo";3;3;3;3;3;"LOCLUS"
2002;"STOC-rozo";2,075;2,75;3;3,5;4,85;"LOCLUS"
2003;"STOC-rozo";3;3;3;3;3;"LOCLUS"
2004;"STOC-rozo";3;3;3;3;3;"LOCLUS"
2007;"STOC-rozo";2,075;2,75;3;3,75;5,775;"LOCLUS"
2008;"STOC-rozo";2,075;2,75;4,5;6;6;"LOCLUS"
2009;"STOC-rozo";6;6;6;7,5;8,85;"LOCLUS"
2010;"STOC-rozo";5;5;5;5,5;5,95;"LOCLUS"
2011;"STOC-rozo";3,075;3,75;4,5;5,25;5,925;"LOCLUS"
2012;"STOC-rozo";2,075;2,75;3;3,75;5,775;"LOCLUS"
2013;"STOC-rozo";1,65;3;3;3;4,35;"LOCLUS"
2014;"STOC-rozo";3,025;3,25;3,5;3,75;3,975;"LOCLUS"
2015;"STOC-rozo";3;3;3;5;11,3;"LOCLUS"
2016;"STOC-rozo";3;3;3;3;3;"LOCLUS"
1997;"STOC-rozo";1,5;1,5;1,5;1,5;1,5;"LOCNAE"
1998;"STOC-rozo";3;3;3;6;8,7;"LOCNAE"
1999;"STOC-rozo";4,5;4,5;4,5;4,5;4,5;"LOCNAE"
2000;"STOC-rozo";3;3;3;3;3;"LOCNAE"
2002;"STOC-rozo";3,075;3,75;4,5;5,25;5,925;"LOCNAE"
2003;"STOC-rozo";3;3;3;3;3;"LOCNAE"
2004;"STOC-rozo";1,6875;3;3;5,25;8,625;"LOCNAE"
2005;"STOC-rozo";4,5;4,5;4,5;4,5;4,5;"LOCNAE"
2006;"STOC-rozo";3;3;3;4,875;9,9375;"LOCNAE"
2007;"STOC-rozo";4,5375;4,875;5,25;5,625;5,9625;"LOCNAE"
2008;"STOC-rozo";3;3;3;5;6,8;"LOCNAE"
2009;"STOC-rozo";3,075;3,75;4,5;6,75;8,775;"LOCNAE"
2010;"STOC-rozo";3;3;4,5;6;6;"LOCNAE"
2011;"STOC-rozo";3;3;3,75;6,375;11,4375;"LOCNAE"
2012;"STOC-rozo";3;3;3;3;3;"LOCNAE"
2014;"STOC-rozo";3;3;3;3;3;"LOCNAE"
1997;"STOC-rozo";3,15;4,5;6;7,5;8,85;"LUSSVE"
1998;"STOC-rozo";6,15;7,5;9;12;14,7;"LUSSVE"
1999;"STOC-rozo";3,15;4,5;6;8,5;10,75;"LUSSVE"
2000;"STOC-rozo";3,025;3,25;3,5;3,75;3,975;"LUSSVE"
2001;"STOC-rozo";6,025;6,25;6,5;6,75;6,975;"LUSSVE"
2002;"STOC-rozo";2,35;4,375;5,5;11,25;14,475;"LUSSVE"
2003;"STOC-rozo";3,2;5;6;9;17,1;"LUSSVE"
2004;"STOC-rozo";4,5;4,5;5;8;8,9;"LUSSVE"
2006;"STOC-rozo";3,05;3,5;4;4,25;4,475;"LUSSVE"
2007;"STOC-rozo";4,5;4,5;4,5;5,25;5,925;"LUSSVE"
2008;"STOC-rozo";3;4;4,5;6;8,7;"LUSSVE"
2009;"STOC-rozo";3;3,375;5,25;6;9,9375;"LUSSVE"
2010;"STOC-rozo";3;4,5;6;8;17;"LUSSVE"
2011;"STOC-rozo";3,225;4,5;5;9,5;13,4;"LUSSVE"
2012;"STOC-rozo";4,65;6;6;8;8,9;"LUSSVE"
2013;"STOC-rozo";3;3;3,75;6,25;11,125;"LUSSVE"
2014;"STOC-rozo";4,1;5;6;6,75;7,425;"LUSSVE"
2015;"STOC-rozo";3;3;5;8,625;13,0125;"LUSSVE"
2002;"STOC-rozo";21;21;21;21;21;"MOTFLA"
2003;"STOC-rozo";3;3;3;3,75;4,425;"MOTFLA"
2004;"STOC-rozo";3;3;3;4,125;7,1625;"MOTFLA"
2006;"STOC-rozo";3,15;4,5;6;7,5;8,85;"MOTFLA"
2007;"STOC-rozo";3,15;4,5;6;7,5;8,85;"MOTFLA"
2008;"STOC-rozo";3;3;3;3,75;5,775;"MOTFLA"
2009;"STOC-rozo";3;3;3;3;3;"MOTFLA"
2010;"STOC-rozo";3;3;3;3;3;"MOTFLA"
2011;"STOC-rozo";3,45;7,5;12;12;12;"MOTFLA"
2012;"STOC-rozo";3;3;3;6,75;10,125;"MOTFLA"
2013;"STOC-rozo";3,075;3,75;4,5;5,25;5,925;"MOTFLA"
2014;"STOC-rozo";3;3;3;3;3;"MOTFLA"
2015;"STOC-rozo";9,0375;9,375;9,75;10,125;10,4625;"MOTFLA"
2001;"STOC-rozo";3;3;10,5;18,375;19,3875;"PANBIA"
2002;"STOC-rozo";4,8375;7,875;11;18,5;33,35;"PANBIA"
2003;"STOC-rozo";10,65;12;13,5;25,25;35,825;"PANBIA"
2004;"STOC-rozo";7,05;16,5;27;42;55,5;"PANBIA"
2007;"STOC-rozo";29,05;29,5;30;38;45,2;"PANBIA"
2008;"STOC-rozo";18,1;19;20;20,5;20,95;"PANBIA"
2009;"STOC-rozo";12,675;18,75;25,5;32,25;38,325;"PANBIA"
2010;"STOC-rozo";7,05;16,5;27,5;35,75;37,775;"PANBIA"
2011;"STOC-rozo";4,125;14,25;25,5;28,75;31,675;"PANBIA"
2013;"STOC-rozo";6,125;7,25;8,5;9,75;10,875;"PANBIA"
2014;"STOC-rozo";17,375;20,75;24,5;28,25;31,625;"PANBIA"
2015;"STOC-rozo";13,025;22,25;32,5;42,75;51,975;"PANBIA"
1999;"STOC-rozo";3;3;3;3;3;"PARCAE"
2000;"STOC-rozo";3;3;3;3;3;"PARCAE"
2001;"STOC-rozo";3;3;3;3;3;"PARCAE"
2002;"STOC-rozo";3;3;3;3;5,7;"PARCAE"
2003;"STOC-rozo";3;3;3;3;3;"PARCAE"
2004;"STOC-rozo";3;3;3;4,5;5,85;"PARCAE"
2005;"STOC-rozo";3;3;3,5;4,5;5,85;"PARCAE"
2006;"STOC-rozo";3;3;3;6;11,4;"PARCAE"
2007;"STOC-rozo";3;3;4,5;7,5;11,55;"PARCAE"
2008;"STOC-rozo";3;3;3;6;7,8;"PARCAE"
2009;"STOC-rozo";3;3;3;7,5;14,25;"PARCAE"
2010;"STOC-rozo";3;3;3;7,5;12,825;"PARCAE"
2011;"STOC-rozo";3;3;3;4,125;6,6875;"PARCAE"
2012;"STOC-rozo";3;3;3;4;5,8;"PARCAE"
2013;"STOC-rozo";2,64782608695652;3;3;4;5,8;"PARCAE"
2014;"STOC-rozo";6;6;6;6;6;"PARCAE"
2015;"STOC-rozo";3;3;3;3;3;"PARCAE"
1999;"STOC-rozo";3;3;3;4,5;5,85;"PHYCOL"
2000;"STOC-rozo";3;3;3;3;3;"PHYCOL"
2001;"STOC-rozo";3;3;3;3;3;"PHYCOL"
2002;"STOC-rozo";3,0375;3,375;3,75;4,125;4,4625;"PHYCOL"
2003;"STOC-rozo";3;3;3,75;6,75;12,825;"PHYCOL"
2004;"STOC-rozo";3;3;6;9,75;11,775;"PHYCOL"
2005;"STOC-rozo";4,5;4,5;4,5;4,5;4,5;"PHYCOL"
2006;"STOC-rozo";3,05;3,5;4;5;5,9;"PHYCOL"
2007;"STOC-rozo";3;3;3;4,5;11,25;"PHYCOL"
2008;"STOC-rozo";3;3;3;5;8,6;"PHYCOL"
2009;"STOC-rozo";3,1125;4,125;4,75;6;8,7;"PHYCOL"
2010;"STOC-rozo";3;3;3;3,5;4,85;"PHYCOL"
2011;"STOC-rozo";3;3;4;4;5,8;"PHYCOL"
2012;"STOC-rozo";3;3;3,5;5,5;7,4125;"PHYCOL"
2013;"STOC-rozo";3;3;3,75;4,875;5,8875;"PHYCOL"
2014;"STOC-rozo";6;6;6;6;6;"PHYCOL"
2015;"STOC-rozo";3,01666666666667;3,16666666666667;3,33333333333333;4,66666666666667;5,86666666666667;"PHYCOL"
1999;"STOC-rozo";3;3;3;3;3;"PRUMOD"
2000;"STOC-rozo";1,6125;2,625;3,75;4,875;5,8875;"PRUMOD"
2002;"STOC-rozo";3,075;3,75;4,5;5,25;5,925;"PRUMOD"
2003;"STOC-rozo";3;3;4,5;6;6;"PRUMOD"
2004;"STOC-rozo";3,1125;4,125;5,25;6,375;7,3875;"PRUMOD"
2005;"STOC-rozo";3,075;3,75;4,5;5,25;5,925;"PRUMOD"
2006;"STOC-rozo";3;3;3;4,5;5,85;"PRUMOD"
2007;"STOC-rozo";2,05;2,5;3;4,5;5,85;"PRUMOD"
2008;"STOC-rozo";3;3;3;4,5;5,85;"PRUMOD"
2009;"STOC-rozo";4,5;4,5;4,5;4,5;4,5;"PRUMOD"
2010;"STOC-rozo";3;3;3;4;5,8;"PRUMOD"
2011;"STOC-rozo";6;6;6;6;6;"PRUMOD"
2012;"STOC-rozo";3;3;6;9;14,4;"PRUMOD"
2013;"STOC-rozo";3,91304347826087;3,91304347826087;3,91304347826087;3,91304347826087;3,91304347826087;"PRUMOD"
2014;"STOC-rozo";3;3;3;3;3;"PRUMOD"
2015;"STOC-rozo";3,075;3,75;4,5;5,25;5,925;"PRUMOD"
1999;"STOC-rozo";3,075;3,75;4,5;5,25;5,925;"SYLATR"
2001;"STOC-rozo";3;3;3;3;3;"SYLATR"
2002;"STOC-rozo";3;3;3;3;3;"SYLATR"
2003;"STOC-rozo";4,5;4,5;5,25;6;6;"SYLATR"
2004;"STOC-rozo";3;3;4;6;7,8;"SYLATR"
2005;"STOC-rozo";3,1125;4,125;4,75;5,25;5,925;"SYLATR"
2006;"STOC-rozo";3;3;4,5;6;6;"SYLATR"
2007;"STOC-rozo";3,3;6;7,5;9;9,9;"SYLATR"
2008;"STOC-rozo";3,075;3,75;4,5;5,25;5,925;"SYLATR"
2009;"STOC-rozo";3;3;3;5;6,8;"SYLATR"
2010;"STOC-rozo";3;3;3;3,75;4,425;"SYLATR"
2011;"STOC-rozo";3;3;3;4,5;8,55;"SYLATR"
2012;"STOC-rozo";3;3;3,75;5,625;6,875;"SYLATR"
2013;"STOC-rozo";3;3;3;3;3;"SYLATR"
2015;"STOC-rozo";6;6;6;6;6;"SYLATR"
1999;"STOC-rozo";6,075;6,75;7,5;8,25;8,925;"TURMER"
2000;"STOC-rozo";4,5375;4,875;5,25;5,625;5,9625;"TURMER"
2001;"STOC-rozo";3,025;3,25;3,5;3,75;3,975;"TURMER"
2002;"STOC-rozo";3;3;3,75;5,625;6;"TURMER"
2003;"STOC-rozo";3;3;3;4,5;8,55;"TURMER"
2004;"STOC-rozo";3;3;3;9;11,7;"TURMER"
2005;"STOC-rozo";3;3;3;6,75;10,125;"TURMER"
2006;"STOC-rozo";3;3;3;3;5,475;"TURMER"
2007;"STOC-rozo";3;3;3,75;4,625;5,825;"TURMER"
2008;"STOC-rozo";3;3;3;3,375;4,3875;"TURMER"
2009;"STOC-rozo";3;3;3;5,25;11,325;"TURMER"
2010;"STOC-rozo";3;3;3,75;5,625;8,625;"TURMER"
2011;"STOC-rozo";3;3;3;4,5;4,5;"TURMER"
2012;"STOC-rozo";3;3;3;4,5;5,85;"TURMER"
2013;"STOC-rozo";3,12065217391304;4,20652173913043;5,41304347826087;6,6195652173913;7,7054347826087;"TURMER"
2014;"STOC-rozo";3;3;3;3;3;"TURMER"
2015;"STOC-rozo";3,05;3,5;4;5,75;7,325;"TURMER"
2016;"STOC-rozo";1,5;1,5;1,5;1,5;1,5;"TURMER"
2001;"Aquatique";5;5;5;5;5;"ACRRIS"
2002;"Aquatique";12;12;12;12;12;"ACRRIS"
2003;"Aquatique";10,5;10,5;10,5;10,5;10,5;"ACRRIS"
2005;"Aquatique";6,84375;12,1875;18,125;24,0625;29,40625;"ACRRIS"
2006;"Aquatique";3,95625;5,8125;7,875;9,9375;11,79375;"ACRRIS"
2007;"Aquatique";3,196875;4,96875;5,8125;7,25;10,625;"ACRRIS"
2008;"Aquatique";10,5;10,5;10,5;10,5;10,5;"ACRRIS"
2009;"Aquatique";5,175;6,75;8,5;10,25;11,825;"ACRRIS"
2010;"Aquatique";3,84375;4,6875;5,5;7;9,7;"ACRRIS"
2011;"Aquatique";1,4375;3,125;4,125;5,875;9,5875;"ACRRIS"
2012;"Aquatique";4,11136363636364;4,29545454545454;4,5;8,67857142857143;12,4392857142857;"ACRRIS"
2013;"Aquatique";3,05625;3,5625;5,875;10,4318181818182;16,9977272727273;"ACRRIS"
2014;"Aquatique";2,015625;3,375;5,25;6,61363636363636;17,9147727272727;"ACRRIS"
2015;"Aquatique";2,5375;2,875;3,77272727272727;6,40909090909091;11,4409090909091;"ACRRIS"
2016;"Aquatique";3,1125;4,125;5,25;6,375;7,3875;"ACRRIS"
2001;"Aquatique";17;17;17;17;17;"ACRSCH"
2002;"Aquatique";14;14;14;14;14;"ACRSCH"
2003;"Aquatique";24;24;24;24;24;"ACRSCH"
2005;"Aquatique";17;17;17;17;17;"ACRSCH"
2006;"Aquatique";18;18;18;18;18;"ACRSCH"
2007;"Aquatique";14,1;15;16;20;23,6;"ACRSCH"
2008;"Aquatique";2,85511363636364;3,75;7,875;12;21,625;"ACRSCH"
2009;"Aquatique";6,15;7,5;10;20;21;"ACRSCH"
2010;"Aquatique";5,85;21;23;23;30,2;"ACRSCH"
2011;"Aquatique";27,15;28,5;30;30,5;30,95;"ACRSCH"
2012;"Aquatique";9,36818181818182;12,6818181818182;16,3636363636364;16,6818181818182;16,9681818181818;"ACRSCH"
2013;"Aquatique";3,04772727272727;5,93181818181818;10,7727272727273;17,9090909090909;26,9909090909091;"ACRSCH"
2014;"Aquatique";4,125;7,5;13,6363636363636;17;31,4;"ACRSCH"
2015;"Aquatique";8,49090909090909;12,9090909090909;15,7727272727273;19,5;26,25;"ACRSCH"
2016;"Aquatique";11;11;11;11;11;"ACRSCH"
2001;"Aquatique";59;59;59;59;59;"ACRSCI"
2002;"Aquatique";55;55;55;55;55;"ACRSCI"
2003;"Aquatique";29,00625;31,3125;33,875;36,4375;38,74375;"ACRSCI"
2005;"Aquatique";33,55;38,5;44;49,5;54,45;"ACRSCI"
2006;"Aquatique";44,03125;46,5625;49,375;52,1875;54,71875;"ACRSCI"
2007;"Aquatique";26,55;49,5;59;61,25;64,625;"ACRSCI"
2008;"Aquatique";10,8181818181818;16,1647727272727;25;37;50,775;"ACRSCI"
2009;"Aquatique";20,1363636363636;21,2878787878788;23,3333333333333;43,25;56,4625;"ACRSCI"
2010;"Aquatique";15,6833333333333;29,9166666666667;35;47,5;51,975;"ACRSCI"
2011;"Aquatique";29,625;34,8181818181818;37,3863636363636;40,875;80,71875;"ACRSCI"
2012;"Aquatique";10,1021739130435;26,5;31;41,0653409090909;49,8352272727273;"ACRSCI"
2013;"Aquatique";21,6136363636364;28,2954545454545;37,2272727272727;42,5625;50,09375;"ACRSCI"
2014;"Aquatique";20,75;31,1363636363636;38;55,5;64,7125;"ACRSCI"
2015;"Aquatique";11,0586956521739;15,0909090909091;35;37,6704545454545;50,4068181818182;"ACRSCI"
2016;"Aquatique";24,875;32,75;41,5;50,25;58,125;"ACRSCI"
2001;"Aquatique";3;3;3;3;3;"CETCET"
2003;"Aquatique";3;3;3;3;3;"CETCET"
2005;"Aquatique";3;3;3;3;3;"CETCET"
2006;"Aquatique";6;6;6;6;6;"CETCET"
2007;"Aquatique";4,5375;4,875;5,25;5,625;5,9625;"CETCET"
2008;"Aquatique";3;3;3,375;3,83522727272727;4,06534090909091;"CETCET"
2009;"Aquatique";2,75454545454545;3;3,75;4,5;4,95;"CETCET"
2010;"Aquatique";2,5375;2,875;3;3,1875;3,69375;"CETCET"
2011;"Aquatique";2,73409090909091;2,79545454545455;2,86363636363636;2,93181818181818;2,99318181818182;"CETCET"
2012;"Aquatique";1,3399209486166;1,6600790513834;2,01581027667984;2,37154150197629;2,69169960474308;"CETCET"
2013;"Aquatique";1,84772727272727;2,11363636363636;2,40909090909091;2,70454545454545;2,97045454545455;"CETCET"
2014;"Aquatique";2,74772727272727;2,93181818181818;3;3,375;4,3875;"CETCET"
2015;"Aquatique";2,72727272727273;2,72727272727273;2,86363636363636;3,55434782608696;5,05108695652174;"CETCET"
2016;"Aquatique";4,0125;4,125;4,25;4,375;4,4875;"CETCET"
2001;"Aquatique";17;17;17;17;17;"EMBSCH"
2002;"Aquatique";15;15;15;15;15;"EMBSCH"
2003;"Aquatique";5;5;5;5;5;"EMBSCH"
2005;"Aquatique";5;5;5;5;5;"EMBSCH"
2006;"Aquatique";9;9;9;9;9;"EMBSCH"
2007;"Aquatique";4,35;7,5;11;11,5;11,95;"EMBSCH"
2008;"Aquatique";6,30625;6,8125;7,25;7,875;8,8875;"EMBSCH"
2009;"Aquatique";3,03333333333333;3,33333333333333;3,33333333333333;6;10,5;"EMBSCH"
2010;"Aquatique";3,03333333333333;3,33333333333333;5;6;7,8;"EMBSCH"
2011;"Aquatique";6,1125;7,125;8,25;11,25;17,325;"EMBSCH"
2012;"Aquatique";3,04782608695652;3,47826086956522;7;7,27272727272727;11,6960227272727;"EMBSCH"
2013;"Aquatique";5,53181818181818;6,22727272727273;7;8;8,9;"EMBSCH"
2014;"Aquatique";3;3;4;6,36363636363636;7,83636363636364;"EMBSCH"
2015;"Aquatique";2,64782608695652;3;4,54545454545454;5;7,7;"EMBSCH"
2016;"Aquatique";3,15;4,5;6;7,5;8,85;"EMBSCH"
2005;"Aquatique";3,75;3,75;3,75;3,75;3,75;"HIPPOL"
2008;"Aquatique";3,63920454545455;3,66477272727273;3,69318181818182;3,72159090909091;3,74715909090909;"HIPPOL"
2009;"Aquatique";4,54545454545454;4,54545454545454;4,54545454545454;4,54545454545454;4,54545454545454;"HIPPOL"
2010;"Aquatique";3,00833333333333;3,08333333333333;3,16666666666667;3,25;3,325;"HIPPOL"
2011;"Aquatique";5,45454545454546;5,45454545454546;5,45454545454546;5,45454545454546;5,45454545454546;"HIPPOL"
2012;"Aquatique";2,73409090909091;2,79545454545455;2,86363636363636;2,93181818181818;2,99318181818182;"HIPPOL"
2013;"Aquatique";3;3;3;3,54545454545455;4,03636363636364;"HIPPOL"
2014;"Aquatique";3,06136363636364;3,61363636363636;4,22727272727273;4,84090909090909;5,39318181818182;"HIPPOL"
2015;"Aquatique";2,73409090909091;2,79545454545455;2,86363636363636;2,93181818181818;2,99318181818182;"HIPPOL"
2016;"Aquatique";3;3;3;3;3;"HIPPOL"
2002;"Aquatique";3;3;3;3;3;"LOCNAE"
2005;"Aquatique";3;3;3;3;3;"LOCNAE"
2006;"Aquatique";3;3;3;3;3;"LOCNAE"
2007;"Aquatique";3;3;3;3;3;"LOCNAE"
2008;"Aquatique";3;3;3;3;3;"LOCNAE"
2010;"Aquatique";1,65;3;4,5;4,75;4,975;"LOCNAE"
2011;"Aquatique";3;3;3;3;3;"LOCNAE"
2012;"Aquatique";3,09545454545455;3,95454545454545;4,90909090909091;5,86363636363636;6,72272727272727;"LOCNAE"
2013;"Aquatique";3;3;3;3;3;"LOCNAE"
2014;"Aquatique";3,06136363636364;3,61363636363636;4,22727272727273;4,84090909090909;5,39318181818182;"LOCNAE"
2015;"Aquatique";4,09090909090909;4,09090909090909;4,09090909090909;4,09090909090909;4,09090909090909;"LOCNAE"
2016;"Aquatique";1,5;1,5;1,5;1,5;1,5;"LOCNAE"
2001;"Aquatique";3;3;3;3;3;"LUSMEG"
2003;"Aquatique";3,065625;3,65625;4,3125;4,96875;5,559375;"LUSMEG"
2005;"Aquatique";3,75;3,75;3,75;3,75;3,75;"LUSMEG"
2007;"Aquatique";3,01875;3,1875;3,375;3,5625;3,73125;"LUSMEG"
2008;"Aquatique";1,978125;2,90625;3,9375;4,96875;5,896875;"LUSMEG"
2009;"Aquatique";3,01875;3,1875;3,375;3,5625;3,73125;"LUSMEG"
2010;"Aquatique";3,75;3,75;3,75;3,75;3,75;"LUSMEG"
2011;"Aquatique";2,75284090909091;2,98295454545455;3,23863636363636;3,49431818181818;3,72443181818182;"LUSMEG"
2012;"Aquatique";3,01875;3,1875;3,375;3,5625;3,73125;"LUSMEG"
2013;"Aquatique";3,75;3,75;3,75;3,75;3,75;"LUSMEG"
2014;"Aquatique";4,5;4,5;4,5;4,5;4,5;"LUSMEG"
2015;"Aquatique";3,75;3,75;3,75;3,75;3,75;"LUSMEG"
2016;"Aquatique";3;3;3;3;3;"LUSMEG"
2001;"Aquatique";3;3;3;3;3;"LUSSVE"
2005;"Aquatique";3;3;3;3;3;"LUSSVE"
2007;"Aquatique";11;11;11;11;11;"LUSSVE"
2008;"Aquatique";3;3;3;3;3;"LUSSVE"
2009;"Aquatique";10;10;10;10;10;"LUSSVE"
2010;"Aquatique";2,025;2,25;2,5;6,25;9,625;"LUSSVE"
2011;"Aquatique";1,3375;2,125;3;6;8,7;"LUSSVE"
2012;"Aquatique";12,2727272727273;12,2727272727273;12,2727272727273;12,2727272727273;12,2727272727273;"LUSSVE"
2013;"Aquatique";3,06136363636364;3,61363636363636;4,22727272727273;4,84090909090909;5,39318181818182;"LUSSVE"
2014;"Aquatique";3,05;3,5;4;6,09090909090909;7,97272727272727;"LUSSVE"
2015;"Aquatique";3;3;3,5;5,27272727272727;8,70909090909091;"LUSSVE"
2016;"Aquatique";5;5;5;5;5;"LUSSVE"
2003;"Aquatique";3;3;3;3;3;"PARCAE"
2006;"Aquatique";6;6;6;6;6;"PARCAE"
2007;"Aquatique";3;3;3;3;3;"PARCAE"
2008;"Aquatique";2,73409090909091;2,79545454545455;2,86363636363636;2,93181818181818;2,99318181818182;"PARCAE"
2009;"Aquatique";3;3;3;9;14,4;"PARCAE"
2010;"Aquatique";2,5625;3;3;3,5625;7,03125;"PARCAE"
2011;"Aquatique";3,15;4,5;5,5;6,75;8,775;"PARCAE"
2012;"Aquatique";2,72727272727273;2,72727272727273;2,86363636363636;4,125;7,1625;"PARCAE"
2013;"Aquatique";2,80909090909091;3,54545454545455;4,36363636363636;5,18181818181818;5,91818181818182;"PARCAE"
2014;"Aquatique";3,45;7,5;9,75;12,6477272727273;18,4465909090909;"PARCAE"
2015;"Aquatique";3;3;3,75;5,45454545454546;7,29545454545455;"PARCAE"
2016;"Aquatique";3,0375;3,375;3,75;4,125;4,4625;"PARCAE"
2001;"Aquatique";3;3;3;3;3;"PARMAJ"
2003;"Aquatique";3,01875;3,1875;3,375;3,5625;3,73125;"PARMAJ"
2005;"Aquatique";3;3;3;3;3;"PARMAJ"
2006;"Aquatique";3,75;3,75;3,75;3,75;3,75;"PARMAJ"
2007;"Aquatique";3,075;3,75;4,5;5,25;5,925;"PARMAJ"
2008;"Aquatique";6,075;6,75;7,5;7,84090909090909;8,14772727272727;"PARMAJ"
2009;"Aquatique";5,48181818181818;5,72727272727273;6;6;6;"PARMAJ"
2010;"Aquatique";2,525;2,75;3;3,375;3,7125;"PARMAJ"
2011;"Aquatique";2,89090909090909;4,36363636363636;6;6,75;7,425;"PARMAJ"
2012;"Aquatique";2,74090909090909;2,86363636363636;3;3,375;3,7125;"PARMAJ"
2014;"Aquatique";2,74090909090909;2,86363636363636;3;4,5;5,85;"PARMAJ"
2015;"Aquatique";2,72727272727273;2,72727272727273;3;3;5,7;"PARMAJ"
2016;"Aquatique";3,075;3,75;4,5;5,25;5,925;"PARMAJ"
2003;"Aquatique";5,625;5,625;5,625;5,625;5,625;"PASDOM"
2005;"Aquatique";9,375;9,375;9,375;9,375;9,375;"PASDOM"
2006;"Aquatique";11,25;11,25;11,25;11,25;11,25;"PASDOM"
2008;"Aquatique";30;30;30;30;30;"PASDOM"
2009;"Aquatique";2,84659090909091;5,96590909090909;9,43181818181818;12,8977272727273;16,0170454545455;"PASDOM"
2010;"Aquatique";4,03125;6,5625;9,375;12,1875;14,71875;"PASDOM"
2011;"Aquatique";3,05454545454545;3,54545454545455;4,09090909090909;4,85795454545454;5,54829545454546;"PASDOM"
2012;"Aquatique";3,02727272727273;3,27272727272727;3,54545454545455;3,81818181818182;4,06363636363636;"PASDOM"
2013;"Aquatique";5,45454545454546;5,45454545454546;5,45454545454546;5,45454545454546;5,45454545454546;"PASDOM"
2014;"Aquatique";2,75284090909091;2,98295454545455;3,23863636363636;3,49431818181818;3,72443181818182;"PASDOM"
2015;"Aquatique";2,7895256916996;3,3498023715415;3,97233201581028;4,59486166007905;5,15513833992095;"PASDOM"
2002;"Aquatique";3;3;3;3;3;"PHYCOL"
2003;"Aquatique";7,5;7,5;7,5;7,5;7,5;"PHYCOL"
2006;"Aquatique";3;3;3;3;3;"PHYCOL"
2007;"Aquatique";3,025;3,25;3,5;3,75;3,975;"PHYCOL"
2008;"Aquatique";3;3;3;3;3;"PHYCOL"
2009;"Aquatique";5;5;5;5;5;"PHYCOL"
2010;"Aquatique";4,575;5,25;6;8;9,8;"PHYCOL"
2011;"Aquatique";3,02916666666667;3,29166666666667;3,58333333333333;3,875;4,1375;"PHYCOL"
2012;"Aquatique";2,61462450592885;2,66798418972332;2,72727272727273;5,11363636363636;7,26136363636364;"PHYCOL"
2013;"Aquatique";3,19090909090909;4,90909090909091;6,81818181818182;9,40909090909091;11,7409090909091;"PHYCOL"
2014;"Aquatique";3,1125;4,125;4,75;5,34090909090909;6,26136363636364;"PHYCOL"
2015;"Aquatique";2,64782608695652;3;4,54545454545454;6;6;"PHYCOL"
2016;"Aquatique";5,1;6;7;8;8,9;"PHYCOL"
2001;"Aquatique";6;6;6;6;6;"PHYLUS"
2007;"Aquatique";6;6;6;6;6;"PHYLUS"
2008;"Aquatique";3,0375;3,375;3,75;4,125;4,4625;"PHYLUS"
2009;"Aquatique";3,25833333333333;5,58333333333333;8,16666666666667;10,75;13,075;"PHYLUS"
2010;"Aquatique";9;9;9;9;9;"PHYLUS"
2011;"Aquatique";2,625;3,75;5;6,25;7,375;"PHYLUS"
2012;"Aquatique";2,73051948051948;2,75974025974026;2,79220779220779;2,82467532467532;2,8538961038961;"PHYLUS"
2013;"Aquatique";3,05454545454545;3,54545454545455;4,09090909090909;6,54545454545454;8,75454545454545;"PHYLUS"
2014;"Aquatique";3,08181818181818;3,81818181818182;4,54545454545454;5,25;5,925;"PHYLUS"
2015;"Aquatique";3,08181818181818;3,81818181818182;5,04545454545454;7;9,7;"PHYLUS"
2016;"Aquatique";3;3;3;3;3;"PHYLUS"
2003;"Aquatique";3;3;3;3;3;"PRUMOD"
2005;"Aquatique";4,5;4,5;4,5;4,5;4,5;"PRUMOD"
2007;"Aquatique";3;3;3;3;3;"PRUMOD"
2008;"Aquatique";1,93125;2,4375;3;3,54545454545455;4,03636363636364;"PRUMOD"
2009;"Aquatique";2,51704545454545;2,67045454545455;2,86363636363636;3,375;4,3875;"PRUMOD"
2010;"Aquatique";1,34375;2,1875;2,75;3,375;4,3875;"PRUMOD"
2011;"Aquatique";2,5875;3,375;4,25;5,125;5,9125;"PRUMOD"
2012;"Aquatique";2,85177865612648;3,97233201581028;5,21739130434783;5,33596837944664;5,44268774703557;"PRUMOD"
2013;"Aquatique";2,72727272727273;2,72727272727273;2,72727272727273;2,72727272727273;2,72727272727273;"PRUMOD"
2014;"Aquatique";3,15;4,5;6;7,5;8,85;"PRUMOD"
2015;"Aquatique";3;3;3;4;4,9;"PRUMOD"
2001;"Aquatique";6;6;6;6;6;"SYLATR"
2002;"Aquatique";6;6;6;6;6;"SYLATR"
2003;"Aquatique";3,80625;4,3125;4,875;5,4375;5,94375;"SYLATR"
2005;"Aquatique";3,80625;4,3125;4,875;5,4375;5,94375;"SYLATR"
2006;"Aquatique";3,75;3,75;3,75;3,75;3,75;"SYLATR"
2007;"Aquatique";3;3;3;3,375;3,7125;"SYLATR"
2008;"Aquatique";2,74090909090909;2,86363636363636;3;5,25;7,275;"SYLATR"
2009;"Aquatique";3,0375;3,375;3,75;5,625;7,3125;"SYLATR"
2010;"Aquatique";2,5375;2,875;3;3,375;4,3875;"SYLATR"
2011;"Aquatique";3,76875;3,9375;4,25;4,73863636363636;5,38295454545455;"SYLATR"
2012;"Aquatique";2,62055335968379;2,72727272727273;3;5,71428571428571;10,6964285714286;"SYLATR"
2013;"Aquatique";2,84659090909091;3,92045454545455;5,11363636363636;6,30681818181818;7,38068181818182;"SYLATR"
2014;"Aquatique";3,24545454545455;5,45454545454546;5,625;6;8,7;"SYLATR"
2015;"Aquatique";2,62648221343873;2,72727272727273;3;3,875;8,25;"SYLATR"
2016;"Aquatique";3,075;3,75;4,5;5,25;5,925;"SYLATR"
2001;"Aquatique";3;3;3;3;3;"SYLCOM"
2002;"Aquatique";3;3;3;3;3;"SYLCOM"
2003;"Aquatique";7,5;7,5;7,5;7,5;7,5;"SYLCOM"
2005;"Aquatique";6;6;6;6;6;"SYLCOM"
2006;"Aquatique";5;5;5;5;5;"SYLCOM"
2007;"Aquatique";3,1125;4,125;5,25;6,375;7,3875;"SYLCOM"
2008;"Aquatique";2,74090909090909;2,86363636363636;3;10,5;17,25;"SYLCOM"
2009;"Aquatique";7,27272727272727;7,27272727272727;7,27272727272727;7,27272727272727;7,27272727272727;"SYLCOM"
2010;"Aquatique";5,1;6;7;8;8,9;"SYLCOM"
2011;"Aquatique";3,075;3,75;4,5;4,75;4,975;"SYLCOM"
2012;"Aquatique";3,08181818181818;3,81818181818182;4,29545454545454;4,73863636363636;5,38295454545455;"SYLCOM"
2013;"Aquatique";4,125;4,43181818181818;4,77272727272727;5,11363636363636;5,42045454545455;"SYLCOM"
2014;"Aquatique";2,74772727272727;2,93181818181818;3,75;5,42045454545454;7,90568181818182;"SYLCOM"
2015;"Aquatique";2,61758893280632;2,69762845849802;2,86363636363636;3,61363636363636;5,27045454545455;"SYLCOM"
2016;"Aquatique";6;6;6;6;6;"SYLCOM"
2001;"Aquatique";3;3;3;3;3;"TURMER"
2002;"Aquatique";3;3;3;3;3;"TURMER"
2003;"Aquatique";3,88125;5,0625;6,375;7,6875;8,86875;"TURMER"
2005;"Aquatique";3,08125;3,8125;4,625;5,4375;6,16875;"TURMER"
2006;"Aquatique";5,634375;5,71875;5,8125;5,90625;5,990625;"TURMER"
2007;"Aquatique";3,3;6;9;12;14,7;"TURMER"
2008;"Aquatique";5,48181818181818;5,72727272727273;6;9,5625;12,76875;"TURMER"
2009;"Aquatique";3,4;4;4,16666666666667;5,625;7,92613636363636;"TURMER"
2010;"Aquatique";4,5375;4,875;5,41666666666667;6,25;7,375;"TURMER"
2011;"Aquatique";2,5625;3,125;3,75;5,28409090909091;6,66477272727273;"TURMER"
2012;"Aquatique";2,72727272727273;2,72727272727273;5,27667984189723;9,6195652173913;14,4619565217391;"TURMER"
2013;"Aquatique";2,74772727272727;2,93181818181818;3,54545454545455;4,63068181818182;6,08806818181818;"TURMER"
2014;"Aquatique";3,05625;3,5625;5,05681818181818;7,77272727272727;11,5772727272727;"TURMER"
2015;"Aquatique";2,76818181818182;3;3,91304347826087;5,90909090909091;10,5852272727273;"TURMER"
2016;"Aquatique";3,025;3,25;3,5;3,75;3,975;"TURMER"
2001;"Aquatique";3;3;3;3;3;"TURPHI"
2005;"Aquatique";3;3;3;3;3;"TURPHI"
2007;"Aquatique";3;3;3;3;3;"TURPHI"
2008;"Aquatique";3;3;3;3;3;"TURPHI"
2009;"Aquatique";3,33333333333333;3,33333333333333;3,33333333333333;3,33333333333333;3,33333333333333;"TURPHI"
2010;"Aquatique";2,5125;2,625;2,75;2,875;2,9875;"TURPHI"
2011;"Aquatique";6;6;6;6;6;"TURPHI"
2012;"Aquatique";2,61490683229814;2,67080745341615;2,73291925465838;2,79503105590062;2,85093167701863;"TURPHI"
2014;"Aquatique";2,73409090909091;2,79545454545455;2,86363636363636;2,93181818181818;2,99318181818182;"TURPHI"
2015;"Aquatique";2,61462450592885;2,66798418972332;2,72727272727273;4,36363636363636;5,83636363636364;"TURPHI"
2016;"Aquatique";3;3;3;3;3;"TURPHI"
